coord_lon,coord_lat,weather_0_id,weather_0_main,weather_0_description,weather_0_icon,base,main_temp,main_feels_like,main_temp_min,main_temp_max,main_pressure,main_humidity,main_sea_level,main_grnd_level,visibility,wind_speed,wind_deg,rain_1h,clouds_all,dt,sys_type,sys_id,sys_country,sys_sunrise,sys_sunset,timezone,id,name,cod,wind_gust,weather_1_id,weather_1_main,weather_1_description,weather_1_icon,message
-4.0197,5.3094,501.0,Rain,moderate rain,10d,stations,299.13,299.13,299.13,299.13,1014.0,89.0,1014.0,1013.0,10000.0,2.06,240.0,2.44,75.0,1727335125.0,1.0,1162.0,CI,1727330668.0,1727374205.0,0.0,2293538.0,Abidjan,200,,,,,,
54.3667,24.4667,802.0,Clouds,scattered clouds,03d,stations,307.56,314.56,307.16,307.56,1003.0,71.0,1003.0,1003.0,8000.0,2.06,200.0,,47.0,1727335125.0,2.0,2032466.0,AE,1727316756.0,1727360099.0,14400.0,292968.0,Abu Dhabi,200,,,,,,
7.4898,9.0574,801.0,Clouds,few clouds,02d,stations,298.23,298.93,298.23,298.23,1014.0,82.0,1014.0,960.0,10000.0,0.74,116.0,,18.0,1727335125.0,1.0,1173.0,NG,1727327927.0,1727371423.0,3600.0,2352778.0,Abuja,200,1.14,,,,,
-0.1969,5.556,804.0,Clouds,overcast clouds,04d,stations,298.38,299.41,298.38,298.38,1014.0,94.0,1014.0,1011.0,10000.0,2.57,270.0,,100.0,1727335125.0,1.0,1126.0,GH,1727329752.0,1727373287.0,0.0,2306104.0,Accra,200,,,,,,
38.7469,9.025,500.0,Rain,light rain,10d,stations,289.64,289.49,289.64,289.64,1016.0,82.0,1016.0,772.0,10000.0,3.09,200.0,0.66,75.0,1727335125.0,1.0,2453.0,ET,1727320425.0,1727363925.0,10800.0,344979.0,Addis Ababa,200,,,,,,
72.6167,23.0333,701.0,Mist,mist,50d,stations,302.17,307.73,302.17,302.17,1002.0,79.0,1002.0,997.0,3000.0,2.06,270.0,,100.0,1727335126.0,1.0,9049.0,IN,1727312368.0,1727355729.0,19800.0,1279233.0,Ahmedabad,200,,,,,,
37.5,36.25,800.0,Clear,clear sky,01d,stations,301.18,300.27,301.18,301.18,1012.0,30.0,1012.0,966.0,10000.0,1.9,296.0,,0.0,1727335126.0,,,SY,1727320868.0,1727364081.0,10800.0,170062.0,Aleppo Governorate,200,1.75,,,,,
29.9553,31.2156,800.0,Clear,clear sky,01d,stations,298.75,298.91,298.75,298.75,1014.0,59.0,1014.0,1014.0,10000.0,3.54,4.0,,0.0,1727335126.0,,,EG,1727322652.0,1727365917.0,10800.0,361058.0,Alexandria,200,3.56,,,,,
3.042,36.7525,800.0,Clear,clear sky,01d,stations,289.05,288.99,289.05,289.05,1015.0,88.0,1015.0,1009.0,10000.0,1.54,230.0,,0.0,1727335126.0,1.0,1060.0,DZ,1727329145.0,1727372339.0,3600.0,2507480.0,Algiers,200,,,,,,
76.95,43.25,520.0,Rain,light intensity shower rain,09d,stations,284.1,282.97,284.1,284.1,1016.0,66.0,1016.0,888.0,10000.0,4.0,240.0,0.12,100.0,1727335104.0,1.0,8818.0,KZ,1727311434.0,1727354583.0,18000.0,1526384.0,Almaty,200,,,,,,
35.945,31.9552,721.0,Haze,haze,50d,stations,301.2,300.28,298.9,301.2,1012.0,30.0,1012.0,922.0,4000.0,2.06,260.0,,0.0,1727335126.0,1.0,7520.0,JO,1727321218.0,1727364477.0,10800.0,250441.0,Amman,200,,,,,,
4.8897,52.374,802.0,Clouds,scattered clouds,03d,stations,288.76,288.7,288.07,289.82,987.0,89.0,987.0,987.0,10000.0,7.2,230.0,,40.0,1727335126.0,2.0,2012552.0,NL,1727328809.0,1727371788.0,7200.0,2759794.0,Amsterdam,200,,,,,,
-149.9003,61.2181,500.0,Rain,light rain,10n,stations,281.02,280.32,280.13,282.09,997.0,91.0,997.0,994.0,10000.0,1.54,340.0,0.48,100.0,1727334964.0,2.0,2008005.0,US,1727279563.0,1727322558.0,-28800.0,5879400.0,Anchorage,200,,,,,,
1.4941,42.5045,804.0,Clouds,overcast clouds,04d,stations,287.59,287.39,287.27,287.59,1010.0,88.0,1010.0,813.0,70.0,0.45,41.0,,100.0,1727335126.0,2.0,2037369.0,AD,1727329553.0,1727372674.0,7200.0,3041566.0,Andorra la Vella,200,4.02,,,,,
32.8543,39.9199,800.0,Clear,clear sky,01d,stations,292.79,292.01,291.66,292.81,1017.0,46.0,1017.0,898.0,10000.0,1.03,0.0,,0.0,1727335126.0,1.0,6948.0,TR,1727322005.0,1727365173.0,10800.0,323786.0,Ankara,200,,,,,,
47.5361,-18.9137,801.0,Clouds,few clouds,02d,stations,297.13,296.65,297.13,297.13,1020.0,41.0,1020.0,883.0,10000.0,3.6,120.0,,20.0,1727335126.0,1.0,2136.0,MG,1727318144.0,1727361989.0,10800.0,1070940.0,Antananarivo,200,,,,,,
-171.7667,-13.8333,500.0,Rain,light rain,10n,stations,298.66,299.38,298.66,299.1,1014.0,81.0,1014.0,1013.0,10000.0,7.03,113.0,0.37,100.0,1727335127.0,2.0,47733.0,WS,1727370786.0,1727414585.0,46800.0,4035413.0,Apia,200,6.92,,,,,
-1.1333,53.0,804.0,Clouds,overcast clouds,04d,stations,284.92,284.69,284.53,285.59,985.0,97.0,985.0,977.0,10000.0,1.19,197.0,,100.0,1727335127.0,2.0,2093695.0,GB,1727330262.0,1727373226.0,3600.0,2657030.0,Arnold,200,2.25,,,,,
58.3833,37.95,800.0,Clear,clear sky,01d,stations,297.07,296.72,297.07,297.07,1019.0,46.0,1019.0,974.0,8000.0,6.17,310.0,,0.0,1727335127.0,1.0,8992.0,TM,1727315863.0,1727359064.0,18000.0,162183.0,Ashgabat,200,,,,,,
38.9333,15.3333,804.0,Clouds,overcast clouds,04d,stations,295.6,294.58,295.6,295.6,1014.0,26.0,1014.0,795.0,10000.0,3.71,49.0,,87.0,1727335127.0,,,ER,1727320414.0,1727363847.0,10800.0,343300.0,Asmara,200,4.52,,,,,
-57.6359,-25.3007,500.0,Rain,light rain,10n,stations,295.52,296.24,295.51,295.87,1006.0,93.0,1006.0,997.0,10000.0,5.14,220.0,0.51,75.0,1727335113.0,2.0,2091488.0,PY,1727343314.0,1727387289.0,-14400.0,3439389.0,Asunción,200,,,,,,
23.7162,37.9795,800.0,Clear,clear sky,01d,stations,299.48,299.48,298.15,301.08,1016.0,62.0,1016.0,992.0,10000.0,0.45,184.0,,6.0,1727335127.0,2.0,2081401.0,GR,1727324188.0,1727367375.0,10800.0,264371.0,Athens,200,,,,,,
174.7667,-36.8667,804.0,Clouds,overcast clouds,04n,stations,287.23,286.55,286.71,287.99,1016.0,71.0,1016.0,1012.0,10000.0,5.14,320.0,,100.0,1727335094.0,2.0,2012285.0,NZ,1727287470.0,1727331607.0,43200.0,2193733.0,Auckland,200,,,,,,
-159.775,-21.2078,500.0,Rain,light rain,10n,stations,295.18,295.89,295.18,295.18,1018.0,94.0,1018.0,1017.0,10000.0,0.51,110.0,,20.0,1727335127.0,1.0,7271.0,CK,1727281505.0,1727325355.0,-36000.0,4035715.0,Avarua,200,,,,,,
44.4009,33.3406,800.0,Clear,clear sky,01d,stations,307.1,305.26,307.1,307.1,1008.0,22.0,1008.0,1004.0,10000.0,5.14,300.0,,0.0,1727335127.0,1.0,7597.0,IQ,1727319195.0,1727362442.0,10800.0,98182.0,Baghdad,200,,,,,,
49.892,40.3777,800.0,Clear,clear sky,01d,stations,297.18,297.13,297.18,297.18,1022.0,57.0,1022.0,1020.0,10000.0,6.17,30.0,,0.0,1727335127.0,1.0,8841.0,AZ,1727317916.0,1727361086.0,14400.0,587084.0,Baku,200,,,,,,
-8.0,12.65,801.0,Clouds,few clouds,02d,stations,295.38,296.27,295.38,295.38,1014.0,100.0,1014.0,975.0,10000.0,1.03,180.0,,20.0,1727335127.0,1.0,2354.0,ML,1727331664.0,1727375119.0,0.0,2460596.0,Bamako,200,,,,,,
95.3222,5.5577,802.0,Clouds,scattered clouds,03d,stations,303.44,308.4,303.44,303.44,1008.0,68.0,1008.0,1001.0,10000.0,2.82,8.0,,50.0,1727335128.0,,,ID,1727306831.0,1727350370.0,25200.0,1215502.0,Banda Aceh,200,4.55,,,,,
114.9481,4.9403,803.0,Clouds,broken clouds,04d,stations,303.14,305.57,303.1,303.14,1008.0,58.0,1008.0,1006.0,10000.0,2.68,230.0,,75.0,1727335128.0,1.0,9377.0,BN,1727302118.0,1727345665.0,28800.0,1820906.0,Brunei Town,200,0.0,,,,,
107.6186,-6.9039,803.0,Clouds,broken clouds,04d,stations,300.45,301.46,300.27,300.45,1010.0,58.0,1010.0,911.0,6668.0,0.89,24.0,,70.0,1727335128.0,2.0,2097877.0,ID,1727303812.0,1727347488.0,25200.0,1650357.0,Bandung,200,1.34,,,,,
100.5167,13.75,804.0,Clouds,overcast clouds,04d,stations,307.7,314.7,306.09,308.09,1008.0,56.0,1008.0,1007.0,10000.0,0.82,70.0,,100.0,1727335128.0,2.0,2093772.0,TH,1727305625.0,1727349083.0,25200.0,1609350.0,Bangkok,200,0.92,,,,,
18.555,4.3612,804.0,Clouds,overcast clouds,04d,stations,296.34,297.01,296.34,296.34,1014.0,88.0,1014.0,974.0,10000.0,0.72,342.0,,100.0,1727335128.0,,,CF,1727325245.0,1727368794.0,3600.0,2389853.0,Bangui,200,1.16,,,,,
-16.5833,13.45,500.0,Rain,light rain,10d,stations,298.42,299.35,298.42,298.42,1012.0,90.0,1012.0,1011.0,10000.0,6.39,118.0,0.69,100.0,1727335128.0,,,GM,1727333728.0,1727377174.0,0.0,2413875.0,City of Banjul,200,7.56,,,,,
2.159,41.3888,801.0,Clouds,few clouds,02d,stations,297.0,297.22,294.88,297.9,1007.0,68.0,1007.0,1000.0,10000.0,5.14,220.0,,20.0,1727335079.0,2.0,18549.0,ES,1727329386.0,1727372522.0,7200.0,3128760.0,Barcelona,200,,,,,,
-74.7964,10.9639,741.0,Fog,fog,50n,stations,299.03,300.13,299.03,299.03,1010.0,94.0,1010.0,1006.0,8000.0,2.06,180.0,,40.0,1727335128.0,1.0,8584.0,CO,1727347685.0,1727391152.0,-18000.0,3689147.0,Barranquilla,200,,,,,,
47.7888,30.5349,800.0,Clear,clear sky,01d,stations,309.12,306.61,309.12,309.12,1004.0,14.0,1004.0,1003.0,10000.0,13.38,310.0,,0.0,1727335128.0,1.0,7603.0,IQ,1727318366.0,1727361645.0,10800.0,99532.0,Basra,200,,,,,,
-61.6667,16.1667,500.0,Rain,light rain,10n,stations,297.73,298.7,297.73,297.73,1011.0,94.0,1011.0,992.0,10000.0,0.0,0.0,0.19,100.0,1727335128.0,1.0,8780.0,GP,1727344564.0,1727387973.0,-14400.0,3579731.0,Arrondissement de la Basse-Terre,200,,,,,,
-62.7261,17.2948,500.0,Rain,light rain,10n,stations,300.19,304.11,300.19,300.19,1011.0,91.0,1011.0,1011.0,10000.0,6.56,97.0,0.3,59.0,1727335093.0,2.0,2004028.0,KN,1727344824.0,1727388221.0,-14400.0,3575551.0,Basseterre,200,7.07,,,,,
116.3972,39.9075,804.0,Clouds,overcast clouds,04d,stations,296.09,295.56,296.09,296.09,1015.0,43.0,1015.0,1010.0,10000.0,3.26,186.0,,94.0,1727335128.0,1.0,9609.0,CN,1727301941.0,1727345146.0,28800.0,1816670.0,Beijing,200,3.87,,,,,
35.4944,33.8889,800.0,Clear,clear sky,01d,stations,300.56,301.04,300.56,302.25,1012.0,51.0,1012.0,1005.0,10000.0,1.03,0.0,,0.0,1727334913.0,1.0,7532.0,LB,1727321336.0,1727364575.0,10800.0,276781.0,Beirut,200,,,,,,
106.9896,-6.2349,721.0,Haze,haze,50d,stations,306.18,312.04,306.17,308.17,1008.0,58.0,1008.0,1005.0,5000.0,6.17,30.0,,40.0,1727335129.0,1.0,9383.0,ID,1727303966.0,1727347635.0,25200.0,1649378.0,Bekasi,200,,,,,,
-48.5044,-1.4558,800.0,Clear,clear sky,01n,stations,297.17,298.08,297.17,297.17,1010.0,94.0,1010.0,1009.0,10000.0,2.06,30.0,,0.0,1727335129.0,1.0,8321.0,BR,1727341302.0,1727384919.0,-10800.0,3405870.0,Belém,200,,,,,,
20.4651,44.804,800.0,Clear,clear sky,01d,stations,294.08,293.82,291.84,294.45,1015.0,61.0,1015.0,999.0,10000.0,3.6,170.0,,0.0,1727335129.0,2.0,2037836.0,RS,1727325011.0,1727368112.0,7200.0,792680.0,Belgrade,200,,,,,,
-88.7667,17.25,803.0,Clouds,broken clouds,04n,stations,296.95,297.71,296.95,296.95,1007.0,89.0,1007.0,995.0,10000.0,1.61,225.0,,69.0,1727335129.0,,,BZ,1727351074.0,1727394467.0,-21600.0,3582672.0,Belmopan,200,5.77,,,,,
-43.9378,-19.9208,800.0,Clear,clear sky,01n,stations,290.5,289.86,290.5,290.5,1016.0,60.0,1016.0,906.0,10000.0,2.0,89.0,,0.0,1727335129.0,,,BR,1727340076.0,1727383953.0,-10800.0,3470127.0,Belo Horizonte,200,3.05,,,,,
77.6033,12.9762,803.0,Clouds,broken clouds,04d,stations,300.58,302.25,299.05,301.05,1007.0,65.0,1007.0,911.0,8000.0,3.09,280.0,,75.0,1727334845.0,2.0,2017753.0,IN,1727311121.0,1727354583.0,19800.0,1277333.0,Bengaluru,200,,,,,,
13.4105,52.5244,800.0,Clear,clear sky,01d,stations,288.16,288.07,287.53,289.44,997.0,90.0,997.0,992.0,10000.0,4.63,160.0,,0.0,1727335129.0,2.0,2011538.0,DE,1727326763.0,1727369745.0,7200.0,2950159.0,Berlin,200,,,,,,
7.4474,46.9481,501.0,Rain,moderate rain,10d,stations,287.1,286.85,286.76,288.91,1003.0,88.0,1003.0,932.0,7420.0,1.55,197.0,1.12,100.0,1727335129.0,2.0,2012960.0,CH,1727328153.0,1727371217.0,7200.0,2661552.0,Bern,200,2.2,,,,,
74.59,42.87,501.0,Rain,moderate rain,10d,stations,284.26,283.28,284.26,284.26,1013.0,71.0,1013.0,914.0,10000.0,2.89,17.0,1.69,100.0,1727335129.0,1.0,8871.0,KG,1727311999.0,1727355151.0,21600.0,1528675.0,Bishkek,200,0.75,,,,,
-15.5977,11.8636,501.0,Rain,moderate rain,10d,stations,297.21,298.28,297.21,297.21,1012.0,100.0,1012.0,1010.0,7000.0,2.06,130.0,1.04,75.0,1727335129.0,1.0,2370.0,GW,1727333483.0,1727376946.0,0.0,2374775.0,Bissau,200,,,,,,
-74.0817,4.6097,801.0,Clouds,few clouds,02n,stations,282.88,282.88,282.88,282.88,1018.0,100.0,1018.0,737.0,10000.0,0.0,0.0,,20.0,1727335130.0,1.0,8582.0,CO,1727347476.0,1727391018.0,-18000.0,3688689.0,Bogota,200,,,,,,
-47.9297,-15.7797,800.0,Clear,clear sky,01n,stations,292.66,291.95,292.66,292.66,1013.0,49.0,1013.0,888.0,10000.0,0.51,90.0,,0.0,1727335130.0,1.0,8336.0,BR,1727341066.0,1727384879.0,-10800.0,3469058.0,Brasília,200,,,,,,
17.1067,48.1482,500.0,Rain,light rain,10d,stations,289.57,289.41,289.11,290.69,1005.0,82.0,1005.0,984.0,10000.0,7.69,199.0,0.12,100.0,1727335130.0,2.0,2044188.0,SK,1727325841.0,1727368894.0,7200.0,3060972.0,Bratislava,200,13.24,,,,,
15.2832,-4.2658,804.0,Clouds,overcast clouds,04d,stations,299.35,299.35,299.35,299.35,1013.0,78.0,1013.0,981.0,7000.0,3.09,290.0,,100.0,1727335130.0,1.0,2024.0,CG,1727325980.0,1727369630.0,3600.0,2260535.0,Brazzaville,200,,,,,,
-59.6167,13.1,500.0,Rain,light rain,10n,stations,301.42,306.46,301.42,301.42,1010.0,83.0,1010.0,1007.0,10000.0,6.69,100.0,0.46,40.0,1727335130.0,1.0,8772.0,BB,1727344054.0,1727387499.0,-14400.0,3374036.0,Bridgetown,200,,,,,,
153.0281,-27.4679,803.0,Clouds,broken clouds,04d,stations,296.82,297.12,295.53,297.69,1011.0,72.0,1011.0,1006.0,10000.0,1.34,347.0,,58.0,1727335059.0,2.0,2092148.0,AU,1727292775.0,1727336734.0,36000.0,2174003.0,Brisbane,200,3.13,,,,,
4.3488,50.8504,803.0,Clouds,broken clouds,04d,stations,287.99,287.83,287.49,288.51,991.0,88.0,991.0,984.0,10000.0,5.14,210.0,,75.0,1727335130.0,1.0,1227.0,BE,1727328927.0,1727371930.0,7200.0,2800866.0,Brussels,200,,,,,,
26.1063,44.4323,800.0,Clear,clear sky,01d,stations,295.28,295.32,294.2,295.38,1016.0,68.0,1016.0,1006.0,10000.0,3.6,260.0,,0.0,1727335130.0,2.0,2032494.0,RO,1727323654.0,1727366762.0,10800.0,683506.0,Bucharest,200,,,,,,
19.0399,47.498,803.0,Clouds,broken clouds,04d,stations,290.96,290.86,290.83,291.95,1010.0,79.0,1010.0,989.0,10000.0,6.69,170.0,,75.0,1727334980.0,2.0,2009313.0,HU,1727325372.0,1727368435.0,7200.0,3054643.0,Budapest,200,11.83,,,,,
-58.3772,-34.6132,800.0,Clear,clear sky,01n,stations,284.42,283.67,283.72,285.34,1022.0,79.0,1022.0,1021.0,10000.0,11.18,100.0,,0.0,1727335130.0,2.0,2020613.0,AR,1727343393.0,1727387565.0,-10800.0,3435910.0,Buenos Aires,200,0.0,,,,,
29.3644,-3.3822,803.0,Clouds,broken clouds,04d,stations,301.99,301.77,301.99,301.99,1014.0,42.0,1014.0,927.0,10000.0,0.23,189.0,,75.0,1727335130.0,,,BI,1727322607.0,1727366246.0,7200.0,425378.0,Bujumbura,200,2.51,,,,,
29.0833,40.1667,802.0,Clouds,scattered clouds,03d,stations,296.57,296.09,296.57,296.57,1017.0,43.0,1017.0,956.0,10000.0,0.77,329.0,,47.0,1727335131.0,,,TR,1727322912.0,1727366075.0,10800.0,750268.0,Bursa,200,0.78,,,,,
129.0403,35.1028,803.0,Clouds,broken clouds,04d,stations,300.14,301.29,300.14,300.14,1012.0,61.0,1012.0,1007.0,10000.0,3.09,200.0,,75.0,1727335131.0,1.0,8086.0,KR,1727298881.0,1727342139.0,32400.0,1838524.0,Busan,200,,,,,,
31.2497,30.0626,802.0,Clouds,scattered clouds,03d,stations,299.57,299.57,298.94,299.57,1013.0,61.0,1013.0,1007.0,10000.0,7.72,50.0,,40.0,1727335131.0,1.0,2514.0,EG,1727322335.0,1727365613.0,10800.0,360630.0,Cairo,200,,,,,,
-76.5225,3.4372,801.0,Clouds,few clouds,02n,stations,295.75,296.1,293.81,295.75,1013.0,78.0,1013.0,871.0,10000.0,2.24,30.0,,20.0,1727335131.0,2.0,2097738.0,CO,1727348055.0,1727391611.0,-18000.0,3687925.0,Santiago de Cali,200,0.0,,,,,
120.9841,14.6571,801.0,Clouds,few clouds,02d,stations,306.49,313.49,305.91,307.08,1008.0,65.0,1008.0,1011.0,10000.0,4.12,300.0,,20.0,1727335131.0,2.0,2008256.0,PH,1727300717.0,1727344169.0,28800.0,1692193.0,Caloocan,200,,,,,,
-13.6878,9.535,501.0,Rain,moderate rain,10d,stations,297.52,298.39,297.52,297.52,1014.0,91.0,1014.0,1013.0,10000.0,2.15,194.0,1.68,100.0,1727335131.0,,,GN,1727333012.0,1727376501.0,0.0,2422488.0,Camayenne,200,3.1,,,,,
149.1281,-35.2835,803.0,Clouds,broken clouds,04d,stations,284.12,282.58,282.65,285.52,1021.0,50.0,1021.0,944.0,10000.0,6.69,100.0,,75.0,1727335126.0,1.0,9588.0,AU,1727293634.0,1727337746.0,36000.0,2172517.0,Canberra,200,,,,,,
18.4232,-33.9258,800.0,Clear,clear sky,01d,stations,288.63,288.3,288.3,288.66,1021.0,79.0,1021.0,1020.0,10000.0,1.03,0.0,,0.0,1727335131.0,2.0,2073005.0,ZA,1727324987.0,1727369116.0,7200.0,3369157.0,Cape Town,200,,,,,,
-66.8792,10.488,802.0,Clouds,scattered clouds,03n,stations,295.47,296.08,293.82,295.47,1013.0,89.0,1013.0,895.0,10000.0,0.51,290.0,,34.0,1727335131.0,2.0,52961.0,VE,1727345782.0,1727389256.0,-14400.0,3646738.0,Caracas,200,,,,,,
-7.6192,33.5928,803.0,Clouds,broken clouds,04d,stations,296.11,296.5,296.11,296.34,1018.0,78.0,1018.0,1010.0,6000.0,1.03,0.0,,75.0,1727335131.0,2.0,47681.0,MA,1727331687.0,1727374913.0,3600.0,2553604.0,Casablanca,200,,,,,,
-61.0061,13.9957,801.0,Clouds,few clouds,02n,stations,300.13,299.05,300.13,300.19,1010.0,13.0,1010.0,1003.0,10000.0,5.14,86.0,,21.0,1727335131.0,2.0,2022312.0,LC,1727344393.0,1727387827.0,-14400.0,3576812.0,Castries,200,7.54,,,,,
-52.3333,4.9333,801.0,Clouds,few clouds,02n,stations,296.17,297.14,296.17,296.17,1010.0,100.0,1010.0,1009.0,9000.0,0.0,0.0,,23.0,1727335132.0,1.0,8669.0,GF,1727342259.0,1727385799.0,-10800.0,3382160.0,Cayenne,200,,,,,,
-64.9307,18.3419,500.0,Rain,light rain,10n,stations,301.0,305.32,301.0,301.0,1012.0,83.0,1012.0,1012.0,10000.0,2.57,80.0,0.44,0.0,1727335132.0,1.0,8786.0,VI,1727345359.0,1727388744.0,-14400.0,4795467.0,Charlotte Amalie,200,,,,,,
104.0667,30.6667,802.0,Clouds,scattered clouds,03d,stations,306.09,308.24,306.09,306.09,1006.0,46.0,1006.0,948.0,10000.0,4.0,220.0,,40.0,1727335132.0,1.0,9674.0,CN,1727304855.0,1727348149.0,28800.0,1815286.0,Chengdu,200,,,,,,
80.2785,13.0878,803.0,Clouds,broken clouds,04d,stations,304.94,311.94,304.82,305.37,1005.0,72.0,1005.0,1004.0,6000.0,3.6,260.0,,75.0,1727334685.0,2.0,2093935.0,IN,1727310479.0,1727353941.0,19800.0,1264527.0,Chennai,200,,,,,,
-87.65,41.85,800.0,Clear,clear sky,01n,stations,289.07,288.91,288.17,289.35,1015.0,84.0,1015.0,994.0,10000.0,0.0,0.0,,0.0,1727334431.0,2.0,2075214.0,US,1727350959.0,1727394047.0,-18000.0,4887398.0,Chicago,200,,,,,,
28.8575,47.0056,803.0,Clouds,broken clouds,04d,stations,294.22,294.78,292.39,294.22,1017.0,92.0,1017.0,1002.0,10000.0,3.09,170.0,,75.0,1727335132.0,2.0,2002036.0,MD,1727323010.0,1727366085.0,10800.0,618426.0,Chișinău,200,,,,,,
91.5,22.9167,804.0,Clouds,overcast clouds,04d,stations,302.86,308.91,302.86,302.86,1008.0,76.0,1008.0,1006.0,10000.0,6.17,174.0,,91.0,1727335132.0,,,BD,1727307834.0,1727351201.0,21600.0,1337200.0,Chittagong,200,7.74,,,,,
106.5528,29.5628,800.0,Clear,clear sky,01d,stations,308.83,312.0,308.83,309.33,1007.0,41.0,1007.0,973.0,10000.0,4.0,180.0,,0.0,1727335132.0,2.0,2032683.0,CN,1727304253.0,1727347559.0,28800.0,1814906.0,Chongqing,200,,,,,,
79.8478,6.9319,804.0,Clouds,overcast clouds,04d,stations,301.66,306.38,301.66,301.66,1008.0,79.0,1008.0,1007.0,10000.0,5.23,249.0,,100.0,1727335132.0,,,LK,1727310551.0,1727354075.0,19800.0,1248991.0,Colombo,200,6.36,,,,,
-13.6773,9.538,501.0,Rain,moderate rain,10d,stations,297.46,298.32,297.46,297.46,1014.0,91.0,1014.0,1013.0,10000.0,2.06,193.0,1.68,100.0,1727335132.0,,,GN,1727333009.0,1727376498.0,0.0,2422465.0,Conakry,200,3.01,,,,,
12.5655,55.6759,501.0,Rain,moderate rain,10d,stations,286.82,286.72,286.56,287.34,995.0,95.0,995.0,993.0,5000.0,6.17,90.0,3.76,100.0,1727335132.0,2.0,2035645.0,DK,1727326994.0,1727369920.0,7200.0,2618425.0,Copenhagen,200,,,,,,
-64.1811,-31.4135,800.0,Clear,clear sky,01n,stations,285.28,283.91,284.62,285.79,1025.0,52.0,1025.0,967.0,10000.0,3.6,220.0,,0.0,1727335132.0,2.0,2036678.0,AR,1727344821.0,1727388922.0,-10800.0,3860259.0,Córdoba,200,,,,,,
-49.2908,-25.504,741.0,Fog,fog,50n,stations,289.57,289.77,289.1,290.47,1012.0,96.0,1012.0,912.0,600.0,2.06,110.0,,100.0,1727335133.0,2.0,2073418.0,BR,1727341311.0,1727385287.0,-10800.0,6322752.0,Curitiba,200,,,,,,
128.55,35.8,500.0,Rain,light rain,10d,stations,301.62,301.94,301.62,301.62,1012.0,48.0,1012.0,989.0,10000.0,1.54,270.0,0.16,75.0,1727335133.0,1.0,8124.0,KR,1727299002.0,1727342254.0,32400.0,1835327.0,Daegu,200,,,,,,
127.4167,36.3333,802.0,Clouds,scattered clouds,03d,stations,298.22,298.74,298.22,298.22,1012.0,75.0,1012.0,988.0,10000.0,2.62,269.0,,36.0,1727335133.0,,,KR,1727299277.0,1727342523.0,32400.0,1835224.0,Daejeon,200,3.54,,,,,
-17.4441,14.6937,501.0,Rain,moderate rain,10d,stations,298.59,299.51,298.59,298.59,1012.0,89.0,1012.0,1012.0,10000.0,8.02,122.0,2.06,100.0,1727335133.0,,,SN,1727333941.0,1727377374.0,0.0,2253354.0,Dakar,200,9.59,,,,,
-96.7836,32.7668,800.0,Clear,clear sky,01n,stations,291.9,291.76,290.99,293.97,1013.0,74.0,1013.0,995.0,10000.0,1.54,30.0,,0.0,1727334845.0,2.0,2087051.0,US,1727353091.0,1727396298.0,-18000.0,4684904.0,Dallas,200,,,,,,
36.2913,33.5102,800.0,Clear,clear sky,01d,stations,298.57,298.11,298.57,298.57,1013.0,36.0,1013.0,929.0,10000.0,1.48,121.0,,0.0,1727335133.0,1.0,7605.0,SY,1727321143.0,1727364386.0,10800.0,170654.0,Damascus,200,1.16,,,,,
39.2695,-6.8235,804.0,Clouds,overcast clouds,04d,stations,301.54,303.19,301.54,301.54,1017.0,60.0,1017.0,1014.0,10000.0,3.32,95.0,,87.0,1727335133.0,,,TZ,1727320210.0,1727363890.0,10800.0,160263.0,Dar es Salaam,200,3.99,,,,,
77.2167,28.6667,721.0,Haze,haze,50d,stations,305.2,312.2,305.2,305.2,1004.0,70.0,1004.0,979.0,4000.0,2.57,90.0,,75.0,1727335133.0,1.0,9165.0,IN,1727311291.0,1727354598.0,19800.0,1273294.0,Delhi,200,,,,,,
-104.9847,39.7392,800.0,Clear,clear sky,01n,stations,291.99,291.03,290.0,293.82,1010.0,42.0,1010.0,836.0,10000.0,1.49,205.0,,0.0,1727335133.0,2.0,2004073.0,US,1727355107.0,1727398218.0,-21600.0,5419384.0,Denver,200,1.61,,,,,
90.4074,23.7104,721.0,Haze,haze,50d,stations,300.14,303.75,300.14,300.14,1008.0,89.0,1008.0,1007.0,3500.0,3.09,90.0,0.18,75.0,1727335133.0,1.0,9145.0,BD,1727308100.0,1727351459.0,21600.0,1185241.0,Dhaka,200,,500.0,Rain,light rain,10d,
125.5736,-8.5586,804.0,Clouds,overcast clouds,04d,stations,301.59,304.69,301.59,301.59,1010.0,70.0,1010.0,966.0,10000.0,2.93,65.0,,99.0,1727335133.0,,,TL,1727299494.0,1727343189.0,32400.0,1645457.0,Dili,200,3.59,,,,,
42.5,11.5,804.0,Clouds,overcast clouds,04d,stations,306.5,306.64,306.5,306.5,1007.0,36.0,1007.0,941.0,10000.0,0.31,4.0,,100.0,1727335134.0,,,DJ,1727319538.0,1727363011.0,10800.0,223816.0,Djibouti,200,1.91,,,,,
35.7395,-6.1722,801.0,Clouds,few clouds,02d,stations,297.99,297.76,297.99,297.99,1017.0,47.0,1017.0,895.0,10000.0,3.42,102.0,,18.0,1727335134.0,,,TZ,1727321061.0,1727364733.0,10800.0,160196.0,Dodoma,200,3.97,,,,,
51.5333,25.2867,800.0,Clear,clear sky,01d,stations,310.72,315.61,310.09,311.32,1003.0,40.0,1003.0,1002.0,10000.0,8.23,350.0,,0.0,1727335134.0,1.0,7614.0,QA,1727317440.0,1727360774.0,10800.0,290030.0,Doha,200,,,,,,
113.7447,23.0489,804.0,Clouds,overcast clouds,04d,stations,306.18,310.4,306.18,306.18,1009.0,53.0,1009.0,1006.0,10000.0,3.34,243.0,,87.0,1727335134.0,,,CN,1727302495.0,1727345865.0,28800.0,1812545.0,Dongguan,200,4.72,,,,,
9.7043,4.0483,803.0,Clouds,broken clouds,04d,stations,299.07,299.96,299.07,299.07,1014.0,86.0,1014.0,1012.0,10000.0,1.2,38.0,,76.0,1727335134.0,,,CM,1727327368.0,1727370920.0,3600.0,2232593.0,Douala,200,1.65,,,,,
-96.167,41.3,800.0,Clear,clear sky,01n,stations,286.64,286.24,285.18,288.86,1015.0,84.0,1015.0,974.0,10000.0,0.0,0.0,,0.0,1727335134.0,2.0,2039709.0,US,1727353000.0,1727396093.0,-18000.0,5067114.0,Douglas,200,,,,,,
55.3047,25.2582,802.0,Clouds,scattered clouds,03d,stations,309.11,315.74,309.11,310.29,1003.0,49.0,1003.0,1002.0,7000.0,3.09,210.0,,26.0,1727335091.0,1.0,7537.0,AE,1727316535.0,1727359870.0,14400.0,292223.0,Dubai,200,,,,,,
-121.9358,37.7021,800.0,Clear,clear sky,01n,stations,286.99,286.65,285.63,288.17,1012.0,85.0,1012.0,987.0,10000.0,3.09,280.0,,0.0,1727334997.0,2.0,2016191.0,US,1727359163.0,1727402295.0,-25200.0,5344157.0,Dublin,200,,,,,,
31.0292,-29.8579,804.0,Clouds,overcast clouds,04d,stations,294.66,294.49,294.66,294.66,1009.0,62.0,1009.0,1007.0,10000.0,2.67,193.0,,100.0,1727335134.0,1.0,1934.0,ZA,1727322007.0,1727366046.0,7200.0,1007311.0,Durban,200,3.38,,,,,
68.7797,38.5577,802.0,Clouds,scattered clouds,03d,stations,302.05,300.94,302.05,302.05,1009.0,30.0,1009.0,900.0,7000.0,2.0,0.0,,40.0,1727335134.0,1.0,8996.0,TJ,1727313369.0,1727356568.0,18000.0,7280679.0,Dushanbe,200,,,,,,
73.0833,31.4167,800.0,Clear,clear sky,01d,stations,313.08,313.4,313.08,313.08,1003.0,23.0,1003.0,982.0,10000.0,2.22,45.0,,0.0,1727335134.0,,,PK,1727312298.0,1727355575.0,18000.0,1179400.0,Faisalabad,200,2.45,,,,,
-61.0733,14.6089,501.0,Rain,moderate rain,10n,stations,299.12,299.12,299.12,299.12,1011.0,94.0,1011.0,1001.0,10000.0,1.54,0.0,1.9,75.0,1727335134.0,1.0,8779.0,MQ,1727344412.0,1727387840.0,-14400.0,3570675.0,Fort Royal,200,,,,,,
-38.5247,-3.7227,802.0,Clouds,scattered clouds,03n,stations,299.22,299.22,298.83,299.22,1012.0,73.0,1012.0,1010.0,10000.0,7.2,130.0,,40.0,1727335135.0,1.0,8363.0,BR,1727338893.0,1727382538.0,-10800.0,6320062.0,Fortaleza,200,,,,,,
-13.2299,8.484,500.0,Rain,light rain,10d,stations,297.12,297.92,297.12,297.12,1014.0,90.0,1014.0,1008.0,10000.0,0.43,75.0,0.15,100.0,1727335135.0,,,SL,1727332896.0,1727376397.0,0.0,2409306.0,Freetown,200,0.53,,,,,
130.4181,33.6064,801.0,Clouds,few clouds,02d,stations,304.1,305.31,304.1,304.1,1010.0,48.0,1010.0,991.0,10000.0,4.12,70.0,,20.0,1727335135.0,1.0,7998.0,JP,1727298542.0,1727341816.0,32400.0,1863967.0,Fukuoka,200,,,,,,
179.1942,-8.5243,803.0,Clouds,broken clouds,04n,stations,301.15,306.72,301.15,301.15,1011.0,89.0,1011.0,1011.0,10000.0,3.09,120.0,,75.0,1727335135.0,1.0,7297.0,TV,1727286631.0,1727330321.0,43200.0,2110394.0,Funafuti,200,,,,,,
25.9086,-24.6545,800.0,Clear,clear sky,01d,stations,302.1,300.47,302.1,302.1,1016.0,11.0,1016.0,907.0,10000.0,3.6,230.0,,0.0,1727335135.0,1.0,2012.0,BW,1727323284.0,1727367227.0,7200.0,933773.0,Gaborone,200,,,,,,
100.3354,5.4112,801.0,Clouds,few clouds,02d,stations,303.12,308.12,303.11,303.68,1009.0,70.0,1009.0,1006.0,9000.0,4.63,230.0,,20.0,1727335114.0,1.0,9429.0,MY,1727305627.0,1727349168.0,28800.0,1735106.0,George Town,200,,,,,,
100.3354,5.4112,801.0,Clouds,few clouds,02d,stations,303.12,308.12,303.11,303.68,1009.0,70.0,1009.0,1006.0,9000.0,4.63,230.0,,20.0,1727335114.0,1.0,9429.0,MY,1727305627.0,1727349168.0,28800.0,1735106.0,George Town,200,,,,,,
-5.3526,36.1447,803.0,Clouds,broken clouds,04d,stations,295.37,295.87,295.12,295.37,1017.0,85.0,1017.0,1012.0,10000.0,7.2,260.0,,75.0,1727335135.0,2.0,2093501.0,GI,1727331158.0,1727374355.0,7200.0,2411585.0,Gibraltar,200,,,,,,
29.95,-3.5,804.0,Clouds,overcast clouds,04d,stations,298.51,298.04,298.51,298.51,1015.0,36.0,1015.0,844.0,10000.0,3.93,132.0,,98.0,1727335135.0,,,BI,1727322466.0,1727366106.0,7200.0,426271.0,Gitega Province,200,5.23,,,,,
31.2109,30.0081,800.0,Clear,clear sky,01d,stations,299.56,299.56,298.93,299.56,1013.0,58.0,1013.0,1007.0,10000.0,5.54,23.0,,0.0,1727335135.0,1.0,2514.0,EG,1727322344.0,1727365623.0,10800.0,360995.0,Giza,200,6.56,,,,,
-103.3333,20.6667,802.0,Clouds,scattered clouds,03n,stations,293.02,292.73,293.02,293.02,1009.0,64.0,1009.0,836.0,10000.0,2.06,50.0,,40.0,1727334938.0,1.0,7128.0,MX,1727354591.0,1727397941.0,-21600.0,4005539.0,Guadalajara,200,,,,,,
113.25,23.1167,804.0,Clouds,overcast clouds,04d,stations,305.9,309.5,305.9,305.9,1009.0,52.0,1009.0,1008.0,10000.0,2.89,254.0,,100.0,1727335135.0,,,CN,1727302614.0,1727345984.0,28800.0,1809858.0,Guangzhou,200,3.5,,,,,
-90.5133,14.6407,800.0,Clear,clear sky,01n,stations,290.6,290.62,290.1,291.06,1013.0,85.0,1013.0,847.0,10000.0,0.0,0.0,,0.0,1727335136.0,1.0,7079.0,GT,1727351478.0,1727394901.0,-21600.0,3598132.0,Guatemala City,200,,,,,,
-79.9,-2.1667,804.0,Clouds,overcast clouds,04n,stations,293.95,294.17,293.95,293.95,1012.0,80.0,1012.0,1011.0,10000.0,1.95,212.0,,99.0,1727335136.0,,,EC,1727348830.0,1727392456.0,-18000.0,3657509.0,Guayaquil,200,3.33,,,,,
74.1883,32.1617,800.0,Clear,clear sky,01d,stations,309.15,313.39,309.15,309.15,1004.0,43.0,1004.0,979.0,10000.0,3.04,81.0,,0.0,1727335136.0,,,PK,1727312036.0,1727355306.0,18000.0,1177662.0,Gujranwala,200,2.11,,,,,
-62.8498,17.8962,803.0,Clouds,broken clouds,04n,stations,302.0,308.55,301.55,302.66,1012.0,85.0,1012.0,1012.0,10000.0,4.47,41.0,,54.0,1727335136.0,2.0,2033696.0,BL,1727344857.0,1727388247.0,-14400.0,3579132.0,Gustavia,200,7.6,,,,,
126.9156,35.1547,500.0,Rain,light rain,10d,stations,298.26,298.89,298.26,298.26,1012.0,79.0,1012.0,997.0,10000.0,2.75,297.0,0.12,100.0,1727335136.0,,,KR,1727299391.0,1727342649.0,32400.0,1841811.0,Gwangju,200,4.16,,,,,
10.0,53.55,310.0,Drizzle,light intensity drizzle rain,09d,stations,287.06,287.09,286.64,287.2,990.0,99.0,990.0,988.0,5000.0,5.66,140.0,0.1,75.0,1727335136.0,1.0,1263.0,DE,1727327592.0,1727370554.0,7200.0,2911298.0,Hamburg,200,,701.0,Mist,mist,50d,
105.8412,21.0245,804.0,Clouds,overcast clouds,04d,stations,305.15,310.53,305.15,305.15,1009.0,61.0,1009.0,1008.0,10000.0,1.23,117.0,,100.0,1727335136.0,1.0,9308.0,VN,1727304382.0,1727347770.0,25200.0,1581130.0,Hanoi,200,1.91,,,,,
31.0539,-17.8294,800.0,Clear,clear sky,01d,stations,299.16,299.16,299.16,299.16,1017.0,32.0,1017.0,860.0,10000.0,2.76,107.0,,0.0,1727335136.0,2.0,2040412.0,ZW,1727322105.0,1727365936.0,7200.0,890299.0,Harare,200,5.26,,,,,
-82.383,23.133,803.0,Clouds,broken clouds,04n,stations,300.39,304.46,300.11,300.39,1004.0,89.0,1004.0,998.0,9000.0,6.17,160.0,,75.0,1727335137.0,1.0,7236.0,CU,1727349576.0,1727392902.0,-14400.0,3553478.0,Havana,200,12.35,,,,,
24.9355,60.1695,803.0,Clouds,broken clouds,04d,stations,287.46,287.22,285.92,288.21,1000.0,87.0,1000.0,998.0,10000.0,10.73,190.0,,75.0,1727334843.0,2.0,2011913.0,FI,1727324067.0,1727366911.0,10800.0,658225.0,Helsinki,200,13.86,,,,,
106.6667,10.75,501.0,Rain,moderate rain,10d,stations,304.3,309.95,304.3,305.16,1008.0,66.0,1008.0,1008.0,10000.0,4.63,170.0,2.18,75.0,1727335070.0,2.0,2093009.0,VN,1727304134.0,1727347622.0,25200.0,1566083.0,Ho Chi Minh City,200,,,,,,
114.1577,22.2855,803.0,Clouds,broken clouds,04d,stations,305.35,311.66,305.03,306.17,1010.0,63.0,1010.0,1004.0,10000.0,4.02,270.0,,52.0,1727335137.0,2.0,47808.0,HK,1727302392.0,1727345770.0,28800.0,1819729.0,Hong Kong,200,5.81,,,,,
159.95,-9.4333,500.0,Rain,light rain,10n,stations,300.4,304.25,300.4,300.4,1011.0,87.0,1011.0,981.0,10000.0,3.63,101.0,0.13,92.0,1727335137.0,,,SB,1727291242.0,1727334945.0,39600.0,2108502.0,Honiara,200,4.54,,,,,
-157.8583,21.3069,801.0,Clouds,few clouds,02n,stations,298.8,299.35,298.09,299.05,1018.0,74.0,1018.0,1015.0,10000.0,3.09,50.0,,20.0,1727335137.0,1.0,7878.0,US,1727281268.0,1727324672.0,-36000.0,5856195.0,Honolulu,200,,,,,,
-95.3633,29.7633,804.0,Clouds,overcast clouds,04n,stations,297.5,298.11,296.45,298.23,1010.0,81.0,1010.0,1007.0,10000.0,4.63,20.0,,100.0,1727334874.0,2.0,2001415.0,US,1727352732.0,1727395976.0,-18000.0,4699066.0,Houston,200,,,,,,
78.4744,17.3753,721.0,Haze,haze,50d,stations,300.38,302.79,300.38,300.88,1004.0,74.0,1004.0,941.0,5000.0,5.14,270.0,,75.0,1727335103.0,1.0,9214.0,IN,1727310933.0,1727354352.0,19800.0,1269843.0,Hyderabad,200,,,,,,
78.4744,17.3753,721.0,Haze,haze,50d,stations,300.38,302.79,300.38,300.88,1004.0,74.0,1004.0,941.0,5000.0,5.14,270.0,,75.0,1727335103.0,1.0,9214.0,IN,1727310933.0,1727354352.0,19800.0,1269843.0,Hyderabad,200,,,,,,
3.8964,7.3878,803.0,Clouds,broken clouds,04d,stations,296.09,296.89,296.09,296.09,1014.0,94.0,1014.0,988.0,10000.0,1.35,215.0,,73.0,1727335137.0,,,NG,1727328780.0,1727372294.0,3600.0,2339354.0,Ibadan,200,2.64,,,,,
126.4161,37.45,801.0,Clouds,few clouds,02d,stations,298.08,298.53,298.08,298.08,1012.0,73.0,1012.0,1012.0,10000.0,4.63,290.0,,20.0,1727335137.0,1.0,8093.0,KR,1727299522.0,1727342757.0,32400.0,1843561.0,Incheon,200,,,,,,
51.6776,32.6572,800.0,Clear,clear sky,01d,stations,301.95,300.49,301.95,301.95,1009.0,21.0,1009.0,837.0,10000.0,1.46,60.0,,0.0,1727335138.0,1.0,7460.0,IR,1727317444.0,1727360701.0,12600.0,418863.0,Isfahan,200,1.69,,,,,
73.1338,33.7104,500.0,Rain,light rain,10d,stations,304.73,311.73,304.73,304.73,1006.0,71.0,1006.0,927.0,10000.0,2.75,213.0,0.11,0.0,1727335138.0,2.0,2007435.0,PK,1727312298.0,1727355551.0,18000.0,1162015.0,Islamabad,200,2.48,,,,,
28.9833,41.0351,800.0,Clear,clear sky,01d,stations,293.83,293.81,293.83,295.83,1017.0,71.0,1017.0,1009.0,10000.0,3.09,80.0,,0.0,1727335013.0,2.0,2092591.0,TR,1727322941.0,1727366094.0,10800.0,745042.0,Istanbul,200,,,,,,
27.0923,38.4622,800.0,Clear,clear sky,01d,stations,297.12,297.06,296.88,297.13,1015.0,57.0,1015.0,992.0,10000.0,2.57,360.0,,0.0,1727335138.0,1.0,6979.0,TR,1727323380.0,1727366563.0,10800.0,311044.0,İzmir,200,,,,,,
75.8167,26.9167,701.0,Mist,mist,50d,stations,303.77,310.77,303.77,303.77,1004.0,79.0,1004.0,957.0,3000.0,2.06,90.0,,75.0,1727335138.0,1.0,9170.0,IN,1727311619.0,1727354942.0,19800.0,1269515.0,Jaipur,200,,,,,,
106.8451,-6.2146,721.0,Haze,haze,50d,stations,306.9,312.72,305.11,308.2,1008.0,55.0,1008.0,1005.0,5000.0,6.17,30.0,,40.0,1727335138.0,1.0,9383.0,ID,1727304001.0,1727347670.0,25200.0,1642911.0,Jakarta,200,,,,,,
39.2192,21.5169,800.0,Clear,clear sky,01d,stations,309.07,312.48,309.07,309.07,1005.0,41.0,1005.0,1000.0,10000.0,3.6,350.0,,0.0,1727335138.0,1.0,7410.0,SA,1727320377.0,1727363747.0,10800.0,105343.0,Jeddah,200,,,,,,
35.2163,31.769,800.0,Clear,clear sky,01d,stations,297.43,297.61,297.43,297.43,1013.0,65.0,1013.0,943.0,10000.0,0.89,348.0,,0.0,1727335138.0,2.0,2004982.0,IL,1727321392.0,1727364653.0,10800.0,281184.0,Jerusalem,200,2.68,,,,,
28.0436,-26.2023,803.0,Clouds,broken clouds,04d,stations,297.56,296.66,296.9,298.24,1016.0,23.0,1016.0,832.0,10000.0,4.02,96.0,,80.0,1727335138.0,2.0,2005686.0,ZA,1727322758.0,1727366728.0,7200.0,993800.0,Johannesburg,200,8.05,,,,,
-106.4833,31.7333,800.0,Clear,clear sky,01n,stations,297.46,297.02,297.14,298.25,1013.0,41.0,1013.0,877.0,10000.0,3.09,130.0,,0.0,1727334901.0,2.0,2006501.0,MX,1727355414.0,1727398630.0,-21600.0,4013708.0,Ciudad Juárez,200,,,,,,
31.5825,4.8517,803.0,Clouds,broken clouds,04d,stations,299.48,299.48,299.48,299.48,1013.0,70.0,1013.0,956.0,10000.0,2.08,309.0,,52.0,1727335139.0,,,SS,1727322122.0,1727365666.0,7200.0,373303.0,Juba,200,3.59,,,,,
69.4167,34.5,800.0,Clear,clear sky,01d,stations,299.04,298.47,299.04,299.04,1008.0,30.0,1008.0,800.0,10000.0,2.0,25.0,,0.0,1727335139.0,,,AF,1727313194.0,1727356438.0,16200.0,1138957.0,Kabul,200,1.39,,,,,
7.4383,10.5222,801.0,Clouds,few clouds,02d,stations,296.84,297.33,296.84,296.84,1014.0,79.0,1014.0,946.0,10000.0,1.1,211.0,,14.0,1727335139.0,,,NG,1727327947.0,1727371428.0,3600.0,2335727.0,Kaduna,200,1.36,,,,,
32.5822,0.3163,500.0,Rain,light rain,10d,stations,296.44,296.57,296.44,296.44,1014.0,67.0,1014.0,884.0,10000.0,0.86,141.0,0.2,69.0,1727335139.0,,,UG,1727321857.0,1727365452.0,10800.0,232422.0,Kampala,200,1.73,,,,,
8.5167,12.0001,803.0,Clouds,broken clouds,04d,stations,299.21,299.21,299.21,299.21,1013.0,63.0,1013.0,959.0,10000.0,3.46,219.0,,58.0,1727335139.0,,,NG,1727327696.0,1727371161.0,3600.0,2335204.0,Kano,200,4.33,,,,,
80.35,26.4667,804.0,Clouds,overcast clouds,04d,stations,303.58,308.23,303.58,303.58,1003.0,66.0,1003.0,989.0,10000.0,5.03,81.0,,100.0,1727335139.0,,,IN,1727310528.0,1727353857.0,19800.0,1267995.0,Kanpur,200,6.55,,,,,
120.3133,22.6163,802.0,Clouds,scattered clouds,03d,stations,304.28,311.28,304.28,305.12,1008.0,81.0,1008.0,1010.0,10000.0,5.66,290.0,,40.0,1727335139.0,2.0,2002588.0,TW,1727300916.0,1727344292.0,28800.0,1673820.0,Kaohsiung City,200,,,,,,
67.0822,24.9056,721.0,Haze,haze,50d,stations,307.05,312.0,307.05,307.05,1004.0,52.0,1004.0,1000.0,5000.0,3.09,260.0,,20.0,1727335139.0,1.0,7576.0,PK,1727313705.0,1727357047.0,18000.0,1174872.0,Karachi,200,,,,,,
51.0103,35.8355,800.0,Clear,clear sky,01d,stations,294.03,293.45,294.03,294.03,1014.0,49.0,1014.0,852.0,10000.0,6.17,320.0,,0.0,1727335139.0,1.0,7475.0,IR,1727317621.0,1727360844.0,12600.0,128747.0,Karaj,200,,,,,,
85.3167,27.7167,803.0,Clouds,broken clouds,04d,stations,297.27,297.9,297.27,297.27,1009.0,83.0,1009.0,849.0,7000.0,2.57,200.0,,75.0,1727335139.0,1.0,9201.0,NP,1727309342.0,1727352660.0,20700.0,1283240.0,Kathmandu,200,,,,,,
139.7172,35.5206,801.0,Clouds,few clouds,02d,stations,301.81,304.5,301.16,303.18,1013.0,66.0,1013.0,1012.0,10000.0,1.54,160.0,,20.0,1727335139.0,1.0,8077.0,JP,1727296319.0,1727339578.0,32400.0,1859642.0,Kawasaki,200,,,,,,
36.25,50.0,804.0,Clouds,overcast clouds,04d,stations,291.53,290.36,291.53,291.53,1023.0,36.0,1023.0,1006.0,10000.0,4.16,149.0,,100.0,1727335139.0,,,UA,1727321256.0,1727364292.0,10800.0,706483.0,Kharkiv,200,7.32,,,,,
32.5324,15.5518,800.0,Clear,clear sky,01d,stations,308.96,306.63,308.96,308.96,1008.0,16.0,1008.0,964.0,10000.0,1.86,237.0,,7.0,1727335140.0,,,SD,1727321951.0,1727365381.0,7200.0,379252.0,Khartoum,200,1.65,,,,,
89.5672,22.8135,501.0,Rain,moderate rain,10d,stations,299.17,299.17,299.17,299.17,1007.0,93.0,1007.0,1007.0,3159.0,2.56,199.0,1.59,100.0,1727335140.0,,,BD,1727308297.0,1727351665.0,21600.0,1336135.0,Khulna,200,5.15,,,,,
30.0588,-1.95,801.0,Clouds,few clouds,02d,stations,296.33,296.09,296.33,296.86,1015.0,53.0,1015.0,853.0,10000.0,2.06,150.0,,20.0,1727335140.0,2.0,47683.0,RW,1727322449.0,1727366070.0,7200.0,202061.0,Kigali,200,,,,,,
-119.554,36.5138,800.0,Clear,clear sky,01n,stations,294.65,294.29,293.58,295.13,1009.0,55.0,1009.0,998.0,10000.0,3.6,350.0,,0.0,1727335135.0,2.0,2084026.0,US,1727358583.0,1727401733.0,-25200.0,5363429.0,Kingsburg,200,,,,,,
-76.7936,17.997,801.0,Clouds,few clouds,02n,stations,301.68,305.54,299.35,301.68,1011.0,74.0,1011.0,981.0,10000.0,6.69,120.0,,20.0,1727335140.0,1.0,7105.0,JM,1727348205.0,1727391591.0,-18000.0,3489854.0,Kingston,200,,,,,,
-61.2248,13.1587,500.0,Rain,light rain,10n,stations,300.77,303.81,300.77,300.77,1010.0,76.0,1010.0,1002.0,10000.0,4.41,81.0,0.6,37.0,1727335140.0,,,VC,1727344440.0,1727387884.0,-14400.0,3577887.0,Kingstown,200,5.64,,,,,
15.3215,-4.3246,804.0,Clouds,overcast clouds,04d,stations,299.36,299.36,299.36,299.36,1013.0,78.0,1013.0,981.0,7000.0,3.09,290.0,,100.0,1727335140.0,1.0,2024.0,CD,1727325971.0,1727369621.0,3600.0,2314302.0,Kinshasa,200,,,,,,
135.183,34.6913,803.0,Clouds,broken clouds,04d,stations,303.92,305.58,301.97,303.96,1010.0,51.0,1010.0,993.0,10000.0,3.6,50.0,,75.0,1727335140.0,1.0,7963.0,JP,1727297404.0,1727340669.0,32400.0,1859171.0,Kobe,200,,,,,,
88.3697,22.5697,200.0,Thunderstorm,thunderstorm with light rain,11d,stations,299.12,299.12,299.12,299.12,1007.0,100.0,1007.0,1006.0,2200.0,4.12,150.0,6.48,100.0,1727335140.0,1.0,9114.0,IN,1727308584.0,1727351953.0,19800.0,1275004.0,Kolkata,200,,502.0,Rain,heavy intensity rain,10d,
102.2386,6.1333,501.0,Rain,moderate rain,10d,stations,302.12,307.59,302.12,302.12,1008.0,79.0,1008.0,1008.0,10000.0,4.12,90.0,2.11,20.0,1727335140.0,1.0,9431.0,MY,1727305174.0,1727348708.0,28800.0,1736376.0,Kota Bharu,200,,,,,,
114.1833,22.3167,803.0,Clouds,broken clouds,04d,stations,304.95,310.66,304.6,305.74,1009.0,63.0,1009.0,1003.0,10000.0,4.02,270.0,,53.0,1727335140.0,2.0,47808.0,HK,1727302386.0,1727345764.0,28800.0,1819609.0,Kowloon,200,5.81,,,,,
101.6865,3.1431,801.0,Clouds,few clouds,02d,stations,304.49,311.49,303.85,305.24,1009.0,75.0,1009.0,996.0,10000.0,4.63,150.0,,20.0,1727335141.0,2.0,2089667.0,MY,1727305291.0,1727348856.0,28800.0,1733046.0,Kuala Lumpur,200,,,,,,
-1.6244,6.6885,501.0,Rain,moderate rain,10d,stations,295.22,296.07,295.22,295.22,1014.0,99.0,1014.0,984.0,4452.0,0.89,223.0,3.1,100.0,1727335141.0,,,GH,1727330101.0,1727373623.0,0.0,2298890.0,Kumasi,200,2.24,,,,,
47.9783,29.3697,800.0,Clear,clear sky,01d,stations,308.08,309.94,308.07,309.7,1005.0,39.0,1005.0,1002.0,10000.0,3.13,315.0,,0.0,1727335141.0,2.0,2036793.0,KW,1727318315.0,1727361605.0,10800.0,285787.0,Kuwait City,200,4.92,,,,,
30.5167,50.4333,804.0,Clouds,overcast clouds,04d,stations,291.58,291.52,290.69,293.49,1017.0,78.0,1017.0,1001.0,10000.0,0.89,239.0,,100.0,1727334846.0,2.0,2003742.0,UA,1727322637.0,1727365663.0,10800.0,703448.0,Kyiv,200,2.24,,,,,
135.7538,35.0211,803.0,Clouds,broken clouds,04d,stations,304.86,307.7,301.46,304.86,1011.0,53.0,1011.0,985.0,10000.0,2.68,132.0,,66.0,1727335141.0,2.0,265569.0,JP,1727297268.0,1727340530.0,32400.0,1857910.0,Kyoto,200,5.36,,,,,
-68.15,-16.5,800.0,Clear,clear sky,01n,stations,281.25,280.59,279.14,281.25,1017.0,76.0,1017.0,620.0,10000.0,1.54,360.0,,10.0,1727335026.0,2.0,2081273.0,BO,1727345911.0,1727389737.0,-14400.0,3911925.0,La Paz,200,,,,,,
3.75,6.5833,804.0,Clouds,overcast clouds,04d,stations,297.84,298.66,297.84,297.84,1014.0,88.0,1014.0,1014.0,10000.0,1.31,267.0,,89.0,1727334963.0,,,NG,1727328811.0,1727372334.0,3600.0,2332453.0,Lagos,200,2.58,,,,,
74.3436,31.5497,711.0,Smoke,smoke,50d,stations,305.14,310.82,305.14,305.14,1003.0,62.0,1003.0,980.0,3500.0,5.14,90.0,,40.0,1727335141.0,1.0,7585.0,PK,1727311996.0,1727355272.0,18000.0,1172451.0,Lahore,200,,,,,,
9.4537,0.3925,804.0,Clouds,overcast clouds,04d,stations,298.28,299.15,298.28,298.28,1014.0,88.0,1014.0,1013.0,10000.0,2.81,225.0,,100.0,1727335141.0,,,GA,1727327407.0,1727371001.0,3600.0,2399697.0,Libreville,200,4.29,,,,,
33.7873,-13.9669,800.0,Clear,clear sky,01d,stations,299.3,299.3,299.3,299.3,1017.0,30.0,1017.0,903.0,10000.0,3.32,64.0,,0.0,1727335141.0,,,MW,1727321478.0,1727365252.0,7200.0,927967.0,Lilongwe,200,3.98,,,,,
-77.0282,-12.0432,804.0,Clouds,overcast clouds,04n,stations,289.21,289.14,288.29,289.21,1013.0,87.0,1013.0,986.0,9000.0,3.09,190.0,,100.0,1727335141.0,2.0,2037860.0,PE,1727348074.0,1727391834.0,-18000.0,3936456.0,Lima,200,,,,,,
-9.1333,38.7167,701.0,Mist,mist,50d,stations,293.36,293.73,292.39,293.56,1014.0,88.0,1014.0,1006.0,3000.0,7.72,220.0,,75.0,1727335141.0,1.0,6901.0,PT,1727332081.0,1727375246.0,3600.0,2267057.0,Lisbon,200,,300.0,Drizzle,light intensity drizzle,09d,
14.5051,46.0511,500.0,Rain,light rain,10d,stations,289.46,289.57,288.63,290.88,1010.0,93.0,1010.0,960.0,10000.0,1.54,290.0,0.27,75.0,1727335142.0,2.0,2003318.0,SI,1727326451.0,1727369532.0,7200.0,3196359.0,Ljubljana,200,,,,,,
1.2123,6.1375,500.0,Rain,light rain,10d,stations,298.7,299.48,298.7,298.7,1014.0,83.0,1014.0,1013.0,10000.0,3.44,236.0,0.19,94.0,1727335142.0,,,TG,1727329417.0,1727372945.0,0.0,2365267.0,Lomé,200,5.24,,,,,
-0.1257,51.5085,803.0,Clouds,broken clouds,04d,stations,286.9,286.76,285.88,287.34,986.0,93.0,986.0,981.0,10000.0,3.13,212.0,,73.0,1727334758.0,2.0,2075535.0,GB,1727330007.0,1727372997.0,3600.0,2643743.0,London,200,4.92,,,,,
-118.2437,34.0522,800.0,Clear,clear sky,01n,stations,289.28,289.22,287.77,289.99,1010.0,87.0,1010.0,991.0,10000.0,1.54,30.0,,0.0,1727334849.0,1.0,4361.0,US,1727358252.0,1727401435.0,-25200.0,5368361.0,Los Angeles,200,,,,,,
13.2343,-8.8368,803.0,Clouds,broken clouds,04d,stations,297.15,297.64,297.15,297.15,1014.0,78.0,1014.0,1006.0,10000.0,2.06,150.0,,75.0,1727335142.0,1.0,2173.0,AO,1727326443.0,1727370150.0,3600.0,2240449.0,Luanda,200,,,,,,
27.4794,-11.6609,803.0,Clouds,broken clouds,04d,stations,299.57,299.57,299.57,299.57,1016.0,27.0,1016.0,882.0,10000.0,3.96,92.0,,69.0,1727335142.0,,,CD,1727323007.0,1727366750.0,7200.0,922704.0,Lubumbashi,200,5.65,,,,,
28.2871,-15.4067,800.0,Clear,clear sky,01d,stations,299.22,299.22,299.22,299.22,1017.0,19.0,1017.0,880.0,10000.0,4.33,76.0,,2.0,1727334986.0,,,ZM,1727322787.0,1727366583.0,7200.0,909137.0,Lusaka,200,6.96,,,,,
5.5,50.0,501.0,Rain,moderate rain,10d,stations,287.25,287.22,287.25,287.25,993.0,96.0,993.0,940.0,10000.0,7.35,223.0,1.3,100.0,1727335142.0,2.0,2017591.0,BE,1727328644.0,1727371661.0,7200.0,2791993.0,Luxembourg Province,200,13.88,,,,,
113.5461,22.2006,802.0,Clouds,scattered clouds,03d,stations,304.0,311.0,304.0,304.0,1009.0,74.0,1009.0,1007.0,10000.0,5.66,200.0,,40.0,1727335142.0,1.0,9204.0,MO,1727302538.0,1727345917.0,28800.0,1821274.0,Macao,200,,,,,,
-3.7026,40.4165,802.0,Clouds,scattered clouds,03d,stations,290.68,290.66,289.97,291.68,1011.0,83.0,1011.0,938.0,10000.0,10.29,230.0,,40.0,1727335047.0,2.0,2007545.0,ES,1727330787.0,1727373933.0,7200.0,3117735.0,Madrid,200,16.98,,,,,
171.3803,7.0897,802.0,Clouds,scattered clouds,03n,stations,302.04,305.64,302.04,302.04,1009.0,70.0,1009.0,1009.0,10000.0,0.7,105.0,,37.0,1727335142.0,,,MH,1727288587.0,1727332115.0,43200.0,2113779.0,Majuro,200,0.8,,,,,
119.4221,-5.14,802.0,Clouds,scattered clouds,03d,stations,306.18,311.03,306.18,306.18,1006.0,55.0,1006.0,1009.0,10000.0,4.12,230.0,,40.0,1727335142.0,1.0,9325.0,ID,1727300990.0,1727344646.0,28800.0,1622786.0,Makassar,200,,,,,,
8.7833,3.75,804.0,Clouds,overcast clouds,04d,stations,299.46,299.46,299.46,299.46,1015.0,84.0,1015.0,1010.0,10000.0,2.66,275.0,,100.0,1727335142.0,,,GQ,1727327587.0,1727371142.0,3600.0,2309527.0,Malabo,200,3.23,,,,,
73.5089,4.1748,500.0,Rain,light rain,10d,stations,300.12,303.11,300.12,300.12,1010.0,83.0,1010.0,1010.0,9000.0,8.75,250.0,0.12,100.0,1727334878.0,1.0,9232.0,MV,1727312058.0,1727355611.0,18000.0,1282027.0,Malé,200,,,,,,
45.2272,-12.7794,800.0,Clear,clear sky,01d,stations,301.94,303.98,301.94,301.94,1017.0,61.0,1017.0,1012.0,10000.0,3.09,160.0,,0.0,1727335143.0,1.0,2131.0,YT,1727318742.0,1727362499.0,10800.0,921815.0,Mamoudzou,200,,,,,,
-86.2504,12.1328,804.0,Clouds,overcast clouds,04n,stations,297.12,298.0,297.12,297.12,1011.0,93.0,1011.0,980.0,10000.0,1.68,207.0,,99.0,1727335143.0,,,NI,1727350441.0,1727393893.0,-21600.0,3617763.0,Managua,200,4.97,,,,,
50.5832,26.2154,800.0,Clear,clear sky,01d,stations,308.18,315.18,308.18,309.14,1004.0,54.0,1004.0,1004.0,10000.0,10.8,320.0,,0.0,1727334932.0,2.0,2039996.0,BH,1727317673.0,1727360997.0,10800.0,290340.0,Manama,200,,,,,,
-60.025,-3.1019,803.0,Clouds,broken clouds,04n,stations,301.42,305.6,299.43,301.42,1008.0,78.0,1008.0,1004.0,10000.0,1.54,260.0,,75.0,1727335108.0,1.0,8412.0,BR,1727344056.0,1727387693.0,-14400.0,3663517.0,Manaus,200,,,,,,
120.9822,14.6042,801.0,Clouds,few clouds,02d,stations,306.59,313.59,305.92,307.15,1008.0,63.0,1008.0,1011.0,10000.0,4.12,300.0,,20.0,1727335143.0,2.0,2008256.0,PH,1727300717.0,1727344169.0,28800.0,1701668.0,Manila,200,,,,,,
32.5892,-25.9653,801.0,Clouds,few clouds,02d,stations,298.97,298.99,298.97,298.97,1013.0,53.0,1013.0,1006.0,10000.0,5.66,360.0,,20.0,1727334898.0,1.0,2202.0,MZ,1727321670.0,1727365635.0,7200.0,1040652.0,Maputo,200,,,,,,
-71.6406,10.6317,802.0,Clouds,scattered clouds,03n,stations,300.78,303.96,300.78,300.78,1008.0,77.0,1008.0,1004.0,10000.0,3.69,11.0,,38.0,1727335143.0,,,VE,1727346926.0,1727390397.0,-14400.0,3633009.0,Maracaibo,200,7.74,,,,,
-67.5958,10.2469,804.0,Clouds,overcast clouds,04n,stations,295.82,296.34,295.82,295.82,1011.0,84.0,1011.0,941.0,10000.0,1.54,54.0,,99.0,1727335143.0,,,VE,1727345953.0,1727389429.0,-14400.0,3632998.0,Maracay,200,1.31,,,,,
19.9348,60.0973,800.0,Clear,clear sky,01d,stations,286.07,285.4,286.07,286.07,998.0,76.0,998.0,997.0,10000.0,3.6,230.0,,0.0,1727335143.0,1.0,1347.0,AX,1727325268.0,1727368110.0,10800.0,3041732.0,Mariehamn,200,,,,,,
-63.0833,18.0667,500.0,Rain,light rain,10n,stations,301.03,306.35,301.03,303.01,1012.0,89.0,1012.0,1012.0,10000.0,4.12,60.0,0.18,20.0,1727335144.0,1.0,8801.0,MF,1727344914.0,1727388302.0,-14400.0,3578851.0,Marigot,200,,,,,,
27.4833,-29.3167,804.0,Clouds,overcast clouds,04d,stations,289.73,287.84,289.73,289.73,1017.0,15.0,1017.0,850.0,10000.0,4.7,269.0,,88.0,1727335144.0,,,LS,1727322863.0,1727366892.0,7200.0,932505.0,Maseru,200,8.13,,,,,
59.6062,36.297,803.0,Clouds,broken clouds,04d,stations,296.23,296.16,296.23,296.23,1017.0,60.0,1017.0,891.0,10000.0,3.09,140.0,,75.0,1727335144.0,1.0,7485.0,IR,1727315560.0,1727358780.0,12600.0,124665.0,Mashhad,200,,,,,,
31.1333,-26.3167,802.0,Clouds,scattered clouds,03d,stations,294.39,293.09,294.39,294.39,1014.0,20.0,1014.0,885.0,10000.0,2.08,332.0,,29.0,1727335144.0,1.0,2026.0,SZ,1727322016.0,1727365988.0,7200.0,934985.0,Mbabane,200,3.42,,,,,
39.8261,21.4267,801.0,Clouds,few clouds,02d,stations,315.36,311.4,315.36,315.36,1005.0,6.0,1005.0,977.0,10000.0,6.18,72.0,,22.0,1727335144.0,,,SA,1727320231.0,1727363602.0,10800.0,104515.0,Makkah al Mukarramah,200,8.57,,,,,
98.6667,3.5833,802.0,Clouds,scattered clouds,03d,stations,302.17,307.73,302.17,302.17,1009.0,79.0,1009.0,1004.0,10000.0,3.09,160.0,,40.0,1727335144.0,1.0,9412.0,ID,1727306018.0,1727349578.0,25200.0,1214520.0,Medan,200,,,,,,
-75.5636,6.2518,501.0,Rain,moderate rain,10n,stations,290.44,290.76,290.22,291.86,1015.0,97.0,1015.0,806.0,10000.0,4.47,70.0,1.89,75.0,1727335144.0,2.0,2084700.0,CO,1727347842.0,1727391364.0,-18000.0,3674962.0,Medellín,200,0.0,,,,,
39.6142,24.4686,800.0,Clear,clear sky,01d,stations,311.39,308.26,311.39,311.39,1009.0,8.0,1009.0,931.0,10000.0,3.6,120.0,,0.0,1727335144.0,1.0,7415.0,SA,1727320297.0,1727363637.0,10800.0,109223.0,Medina,200,,,,,,
-80.6081,28.0836,800.0,Clear,clear sky,01n,stations,300.45,303.46,299.28,301.52,1009.0,79.0,1009.0,1008.0,10000.0,9.26,140.0,,0.0,1727335028.0,1.0,4922.0,US,1727349179.0,1727392447.0,-14400.0,4163971.0,Melbourne,200,11.83,,,,,
-99.1277,19.4285,500.0,Rain,light rain,10n,stations,288.12,287.94,288.11,288.77,1013.0,87.0,1013.0,761.0,10000.0,1.54,340.0,0.36,75.0,1727334913.0,2.0,47729.0,MX,1727353574.0,1727396940.0,-21600.0,3530597.0,Mexico City,200,,,,,,
-80.1937,25.7743,804.0,Clouds,overcast clouds,04n,stations,301.74,307.76,300.94,302.6,1008.0,85.0,1008.0,1008.0,10000.0,9.77,150.0,,100.0,1727334850.0,2.0,2009435.0,US,1727349066.0,1727392362.0,-14400.0,4164138.0,Miami,200,12.35,,,,,
27.5667,53.9,804.0,Clouds,overcast clouds,04d,stations,288.02,287.81,288.02,288.02,1011.0,86.0,1011.0,985.0,10000.0,5.47,173.0,,99.0,1727335144.0,,,BY,1727323373.0,1727366342.0,10800.0,625144.0,Minsk,200,11.76,,,,,
45.3438,2.0371,804.0,Clouds,overcast clouds,04d,stations,300.0,302.07,300.0,300.0,1014.0,74.0,1014.0,1013.0,10000.0,8.29,201.0,,85.0,1727335145.0,,,SO,1727318804.0,1727362380.0,10800.0,53654.0,Mogadishu,200,10.32,,,,,
7.419,43.7314,803.0,Clouds,broken clouds,04d,stations,293.83,294.23,291.03,294.19,1010.0,87.0,1010.0,1006.0,10000.0,3.6,350.0,,75.0,1727335145.0,2.0,2085874.0,MC,1727328138.0,1727371246.0,7200.0,2993457.0,Monaco,200,,,,,,
-10.7969,6.3005,500.0,Rain,light rain,10d,stations,296.35,297.1,296.35,296.35,1014.0,91.0,1014.0,1010.0,10000.0,2.08,25.0,0.17,100.0,1727335145.0,,,LR,1727332300.0,1727375826.0,0.0,2274895.0,Monrovia,200,2.27,,,,,
-56.1674,-34.8335,300.0,Drizzle,light intensity drizzle,09n,stations,286.99,287.04,286.99,286.99,1020.0,100.0,1020.0,1017.0,8000.0,5.66,150.0,,100.0,1727335145.0,1.0,8713.0,UY,1727342860.0,1727387037.0,-10800.0,3441575.0,Montevideo,200,,,,,,
-73.5878,45.5088,804.0,Clouds,overcast clouds,04n,stations,287.39,287.32,286.99,287.82,1015.0,94.0,1015.0,1012.0,10000.0,6.69,170.0,,100.0,1727335145.0,1.0,498.0,CA,1727347608.0,1727390649.0,-14400.0,6077243.0,Montreal,200,12.35,,,,,
43.2551,-11.7022,801.0,Clouds,few clouds,02d,stations,299.07,299.65,299.07,299.07,1018.0,74.0,1018.0,1015.0,10000.0,3.0,254.0,,16.0,1727335145.0,,,KM,1727319222.0,1727362965.0,10800.0,921772.0,Moroni,200,1.86,,,,,
37.6156,55.7522,804.0,Clouds,overcast clouds,04d,stations,291.37,290.24,289.39,292.25,1021.0,38.0,1021.0,1002.0,10000.0,5.08,187.0,,100.0,1727334384.0,2.0,2095214.0,RU,1727320975.0,1727363918.0,10800.0,524901.0,Moscow,200,9.97,,,,,
43.1189,36.335,800.0,Clear,clear sky,01d,stations,303.53,301.74,303.53,303.53,1009.0,21.0,1009.0,976.0,10000.0,1.91,351.0,,0.0,1727335145.0,,,IQ,1727319519.0,1727362733.0,10800.0,99072.0,Mosul,200,1.91,,,,,
71.4753,30.1956,721.0,Haze,haze,50d,stations,311.09,316.9,311.09,311.09,1002.0,41.0,1002.0,988.0,3500.0,3.09,50.0,,0.0,1727335145.0,1.0,7586.0,PK,1727312678.0,1727355967.0,18000.0,1169825.0,Multan,200,,,,,,
72.8479,19.0144,804.0,Clouds,overcast clouds,04d,stations,300.14,303.75,299.09,300.14,1004.0,89.0,1004.0,1003.0,2500.0,3.6,330.0,,100.0,1727335145.0,1.0,9052.0,IN,1727312292.0,1727355694.0,19800.0,1275339.0,Mumbai,200,,,,,,
58.5922,23.6139,801.0,Clouds,few clouds,02d,stations,307.37,311.68,307.37,307.37,1003.0,49.0,1003.0,994.0,10000.0,2.6,25.0,,11.0,1727335145.0,,,OM,1727315737.0,1727359090.0,14400.0,287286.0,Muscat,200,1.9,,,,,
15.0444,12.1067,800.0,Clear,clear sky,01d,stations,301.31,303.33,301.31,301.31,1012.0,64.0,1012.0,978.0,10000.0,2.96,211.0,,8.0,1727335145.0,,,TD,1727326130.0,1727369594.0,3600.0,2427123.0,N'Djamena,200,3.57,,,,,
136.9064,35.1815,802.0,Clouds,scattered clouds,03d,stations,302.57,305.09,302.57,303.16,1012.0,61.0,1012.0,1012.0,10000.0,0.45,214.0,,50.0,1727335146.0,2.0,2001167.0,JP,1727296992.0,1727340253.0,32400.0,1856057.0,Nagoya,200,2.68,,,,,
36.8167,-1.2833,801.0,Clouds,few clouds,02d,stations,292.77,292.46,292.77,292.77,1018.0,64.0,1018.0,841.0,10000.0,3.09,230.0,,20.0,1727334993.0,1.0,2543.0,KE,1727320831.0,1727364445.0,10800.0,184745.0,Nairobi,200,,,,,,
106.0847,30.7951,801.0,Clouds,few clouds,02d,stations,307.96,308.2,307.96,307.96,1006.0,33.0,1006.0,968.0,10000.0,2.86,212.0,,12.0,1727335146.0,,,CN,1727304371.0,1727347665.0,28800.0,1800146.0,Nanchong,200,2.48,,,,,
118.7778,32.0617,804.0,Clouds,overcast clouds,04d,stations,298.64,299.2,298.64,298.64,1012.0,75.0,1012.0,1010.0,10000.0,3.6,82.0,,100.0,1727335146.0,,,CN,1727301330.0,1727344615.0,28800.0,1799962.0,Nanjing,200,6.54,,,,,
-73.5829,40.7507,804.0,Clouds,overcast clouds,04n,stations,291.05,291.25,289.9,292.08,1020.0,90.0,1020.0,1017.0,10000.0,3.09,90.0,,100.0,1727334706.0,2.0,2002861.0,US,1727347572.0,1727390683.0,-14400.0,5128316.0,Nassau,200,,,,,,
96.1297,19.745,802.0,Clouds,scattered clouds,03d,stations,303.76,308.65,303.76,303.76,1009.0,66.0,1009.0,995.0,10000.0,0.52,197.0,,44.0,1727335146.0,,,MM,1727306707.0,1727350106.0,23400.0,6611854.0,Nay Pyi Taw,200,1.7,,,,,
-74.006,40.7143,804.0,Clouds,overcast clouds,04n,stations,291.43,291.61,289.97,292.16,1019.0,88.0,1019.0,1018.0,10000.0,4.12,70.0,,100.0,1727334896.0,1.0,4610.0,US,1727347674.0,1727390784.0,-14400.0,5128581.0,New York,200,,,,,,
2.1098,13.5137,801.0,Clouds,few clouds,02d,stations,302.31,309.28,302.31,302.31,1013.0,84.0,1013.0,986.0,9000.0,2.06,230.0,,11.0,1727335146.0,1.0,1188.0,NE,1727329242.0,1727372690.0,3600.0,2440485.0,Niamey,200,,,,,,
33.3667,35.1667,800.0,Clear,clear sky,01d,stations,301.98,301.5,301.98,301.98,1013.0,39.0,1013.0,980.0,10000.0,4.63,270.0,,0.0,1727334896.0,1.0,6370.0,CY,1727321854.0,1727365078.0,10800.0,146268.0,Nicosia,200,,,,,,
-15.9785,18.0858,804.0,Clouds,overcast clouds,04d,stations,300.11,302.44,300.11,300.11,1014.0,76.0,1014.0,1013.0,10000.0,3.28,170.0,,100.0,1727335146.0,1.0,2482.0,MR,1727333608.0,1727377004.0,0.0,2377450.0,Nouakchott,200,3.99,,,,,
166.4572,-22.2763,800.0,Clear,clear sky,01n,stations,296.71,296.82,296.71,296.71,1016.0,65.0,1016.0,1012.0,10000.0,5.82,72.0,,0.0,1727335146.0,,,NC,1727289596.0,1727333468.0,39600.0,2139521.0,Noumea,200,6.76,,,,,
82.9344,55.0411,500.0,Rain,light rain,10d,stations,278.76,274.82,278.76,278.76,1017.0,56.0,1017.0,996.0,10000.0,6.0,270.0,0.12,40.0,1727335147.0,1.0,8958.0,RU,1727310078.0,1727353068.0,25200.0,1496747.0,Novosibirsk,200,,,,,,
-175.2,-21.1333,801.0,Clouds,few clouds,02n,stations,292.34,292.77,292.34,292.34,1019.0,94.0,1019.0,1019.0,10000.0,2.57,130.0,,20.0,1727335147.0,1.0,7285.0,TO,1727371548.0,1727415472.0,46800.0,4032402.0,Nuku'alofa,200,,,,,,
71.446,51.1801,803.0,Clouds,broken clouds,04d,stations,282.12,279.45,282.12,282.12,1025.0,46.0,1025.0,982.0,10000.0,5.0,350.0,,75.0,1727335128.0,1.0,8820.0,KZ,1727312809.0,1727355850.0,18000.0,1526273.0,Nur-Sultan,200,,,,,,
-51.7216,64.1835,803.0,Clouds,broken clouds,04n,stations,277.49,277.49,276.97,277.49,1020.0,87.0,1020.0,1018.0,10000.0,1.03,0.0,,79.0,1727335147.0,1.0,86.0,GL,1727342551.0,1727385213.0,-3600.0,3421319.0,Nuuk,200,,,,,,
-70.027,12.524,800.0,Clear,clear sky,01n,stations,301.99,307.66,301.99,301.99,1009.0,81.0,1009.0,1009.0,10000.0,0.89,125.0,,0.0,1727334966.0,2.0,2039251.0,AW,1727346549.0,1727389999.0,-14400.0,3577154.0,Oranjestad,200,3.58,,,,,
135.5022,34.6937,803.0,Clouds,broken clouds,04d,stations,303.54,305.33,303.08,304.11,1010.0,53.0,1010.0,1005.0,10000.0,5.14,80.0,,75.0,1727334877.0,1.0,8032.0,JP,1727297327.0,1727340592.0,32400.0,1853909.0,Osaka,200,,,,,,
10.7461,59.9127,803.0,Clouds,broken clouds,04d,stations,281.24,281.24,281.24,281.24,996.0,82.0,996.0,972.0,10000.0,1.0,62.0,,69.0,1727335147.0,2.0,2094972.0,NO,1727327475.0,1727370312.0,7200.0,3143244.0,Oslo,200,2.23,,,,,
-75.6981,45.4112,501.0,Rain,moderate rain,10n,stations,289.15,289.29,288.21,289.95,1012.0,95.0,1012.0,1001.0,9656.0,4.63,170.0,1.24,100.0,1727335147.0,2.0,2005537.0,CA,1727348114.0,1727391156.0,-14400.0,6094817.0,Ottawa,200,,701.0,Mist,mist,50n,
-1.5383,12.3642,800.0,Clear,clear sky,01d,stations,298.38,299.1,298.38,298.38,1013.0,82.0,1013.0,979.0,10000.0,2.46,152.0,,5.0,1727335147.0,,,BF,1727330111.0,1727373571.0,0.0,2357048.0,Ouagadougou,200,3.73,,,,,
-170.7025,-14.2781,500.0,Rain,light rain,10n,stations,298.7,299.63,298.7,298.7,1014.0,89.0,1014.0,1005.0,10000.0,5.66,120.0,0.32,75.0,1727335147.0,1.0,7316.0,AS,1727284173.0,1727327931.0,-39600.0,5881576.0,Pago Pago,200,,,,,,
104.7458,-2.9167,803.0,Clouds,broken clouds,04d,stations,301.2,304.47,301.2,301.2,1008.0,74.0,1008.0,1007.0,10000.0,5.66,290.0,,75.0,1727335147.0,1.0,9424.0,ID,1727304524.0,1727348155.0,25200.0,1633070.0,Palembang,200,,,,,,
-122.143,37.4419,804.0,Clouds,overcast clouds,04n,stations,288.23,288.07,286.58,289.62,1012.0,87.0,1012.0,998.0,10000.0,3.09,30.0,,100.0,1727335147.0,2.0,2018441.0,US,1727359211.0,1727402347.0,-25200.0,5380748.0,Palo Alto,200,,,,,,
-80.0,9.0,804.0,Clouds,overcast clouds,04n,stations,297.16,298.15,297.16,297.16,1010.0,97.0,1010.0,998.0,10000.0,0.99,266.0,,100.0,1727335148.0,,,PA,1727348922.0,1727392412.0,-18000.0,3703430.0,Panama,200,0.97,,,,,
-149.5667,-17.5333,500.0,Rain,light rain,10n,stations,299.11,299.11,298.66,299.11,1017.0,78.0,1017.0,1016.0,10000.0,7.6,40.0,0.43,0.0,1727335148.0,1.0,7318.0,PF,1727279082.0,1727322879.0,-36000.0,4033936.0,Papeete,200,12.52,,,,,
-55.1667,5.8667,800.0,Clear,clear sky,01n,stations,297.4,298.26,297.4,297.4,1010.0,91.0,1010.0,1009.0,10000.0,2.97,95.0,,10.0,1727335148.0,,,SR,1727342945.0,1727386473.0,-10800.0,3383329.0,Distrikt Paramaribo,200,4.72,,,,,
2.3488,48.8534,804.0,Clouds,overcast clouds,04d,stations,289.26,289.35,288.36,289.86,994.0,93.0,994.0,984.0,10000.0,6.17,190.0,,100.0,1727335057.0,2.0,2012208.0,FR,1727329392.0,1727372425.0,7200.0,2988507.0,Paris,200,,,,,,
115.8333,-31.9333,800.0,Clear,clear sky,01d,stations,296.85,296.63,296.08,298.15,1008.0,52.0,1008.0,1006.0,10000.0,9.26,300.0,,0.0,1727334812.0,2.0,2089443.0,AU,1727301652.0,1727345706.0,28800.0,2063523.0,Perth,200,14.4,,,,,
-75.1638,39.9523,804.0,Clouds,overcast clouds,04n,stations,292.05,292.42,291.35,292.9,1019.0,93.0,1019.0,1014.0,10000.0,2.06,70.0,,100.0,1727335148.0,2.0,2037403.0,US,1727347947.0,1727391067.0,-14400.0,4560349.0,Philadelphia,200,,,,,,
104.916,11.5625,802.0,Clouds,scattered clouds,03d,stations,305.1,312.1,305.1,305.1,1008.0,70.0,1008.0,1006.0,10000.0,1.54,0.0,,40.0,1727335148.0,1.0,9109.0,KH,1727304559.0,1727348038.0,25200.0,1821306.0,Phnom Penh,200,,,,,,
-112.074,33.4484,800.0,Clear,clear sky,01n,stations,305.15,303.25,303.34,306.77,1003.0,22.0,1003.0,962.0,10000.0,0.89,5.0,,4.0,1727334651.0,2.0,2008537.0,US,1727356767.0,1727399959.0,-25200.0,5308655.0,Phoenix,200,1.34,,,,,
19.2636,42.4411,802.0,Clouds,scattered clouds,03d,stations,292.03,291.98,292.03,292.03,1018.0,77.0,1018.0,981.0,10000.0,1.03,0.0,,40.0,1727335148.0,1.0,7035.0,ME,1727325285.0,1727368415.0,7200.0,3193044.0,Podgorica,200,,,,,,
57.4989,-20.1619,800.0,Clear,clear sky,01d,stations,300.61,302.2,299.49,300.61,1020.0,64.0,1020.0,1019.0,10000.0,6.93,98.0,,9.0,1727335148.0,2.0,2091727.0,MU,1727315745.0,1727359607.0,14400.0,934154.0,Port Louis,200,8.07,,,,,
147.1797,-9.4431,721.0,Haze,haze,50d,stations,299.83,302.91,299.83,299.83,1008.0,89.0,1008.0,1005.0,10000.0,5.14,140.0,0.18,75.0,1727335148.0,1.0,42.0,PG,1727294306.0,1727338010.0,36000.0,2088122.0,Port Moresby,200,7.72,500.0,Rain,light rain,10d,
-61.5166,10.6662,500.0,Rain,light rain,10n,stations,299.09,300.06,298.25,300.29,1009.0,89.0,1009.0,1002.0,10000.0,2.69,82.0,0.1,98.0,1727335148.0,1.0,8810.0,TT,1727344496.0,1727387968.0,-14400.0,3573890.0,Port of Spain,200,3.55,,,,,
168.3219,-17.7338,801.0,Clouds,few clouds,02n,stations,296.93,297.66,296.93,296.93,1016.0,88.0,1016.0,1008.0,10000.0,4.12,100.0,,20.0,1727335149.0,1.0,7314.0,VU,1727289181.0,1727332988.0,39600.0,2135171.0,Port-Vila,200,,,,,,
-72.335,18.5392,802.0,Clouds,scattered clouds,03n,stations,298.57,299.26,298.57,298.57,1013.0,80.0,1013.0,955.0,10000.0,2.18,126.0,,44.0,1727335149.0,,,HT,1727347138.0,1727390519.0,-14400.0,3718426.0,Port-au-Prince,200,1.66,,,,,
-51.23,-30.0331,501.0,Rain,moderate rain,10n,stations,292.41,292.9,291.93,292.74,1011.0,96.0,1011.0,1008.0,6000.0,2.06,140.0,1.86,75.0,1727335149.0,2.0,2021802.0,BR,1727341731.0,1727385798.0,-10800.0,3452925.0,Porto Alegre,200,,,,,,
2.6036,6.4965,500.0,Rain,light rain,10d,stations,298.05,298.76,298.05,298.05,1014.0,83.0,1014.0,1012.0,10000.0,1.87,235.0,0.15,81.0,1727335149.0,1.0,1119.0,BJ,1727329085.0,1727372609.0,3600.0,2392087.0,Porto-Novo,200,3.31,,,,,
14.4208,50.088,500.0,Rain,light rain,10d,stations,286.89,286.7,285.53,288.13,1002.0,91.0,1002.0,968.0,10000.0,3.6,150.0,0.8,100.0,1727334491.0,2.0,2010430.0,CZ,1727326501.0,1727369523.0,7200.0,3067696.0,Prague,200,,,,,,
-23.5087,14.9215,501.0,Rain,moderate rain,10n,stations,298.45,299.49,298.45,298.45,1011.0,94.0,1011.0,1000.0,10000.0,1.54,310.0,1.04,75.0,1727335149.0,1.0,2462.0,CV,1727335398.0,1727378827.0,-3600.0,3374333.0,Praia,200,,,,,,
28.1878,-25.7449,800.0,Clear,clear sky,01d,stations,297.93,296.91,297.35,298.21,1016.0,17.0,1016.0,874.0,10000.0,2.57,300.0,,7.0,1727334990.0,1.0,2001.0,ZA,1727322728.0,1727366689.0,7200.0,964137.0,Pretoria,200,,,,,,
21.1669,42.6727,800.0,Clear,clear sky,01d,stations,288.81,288.49,288.81,289.6,1018.0,79.0,1018.0,944.0,10000.0,1.07,237.0,,6.0,1727334891.0,2.0,2001690.0,XK,1727324829.0,1727367958.0,7200.0,786714.0,Pristina,200,1.54,,,,,
-98.0,18.8333,500.0,Rain,light rain,10n,stations,289.23,289.17,289.23,289.23,1012.0,87.0,1012.0,809.0,10000.0,1.54,110.0,0.52,100.0,1727334542.0,,,MX,1727353300.0,1727396673.0,-21600.0,3521082.0,Puebla,200,1.92,,,,,
73.8553,18.5196,804.0,Clouds,overcast clouds,04d,stations,300.69,304.65,300.69,300.69,1004.0,84.0,1004.0,932.0,8428.0,3.86,253.0,,100.0,1727334906.0,2.0,2091523.0,IN,1727312048.0,1727355454.0,19800.0,1259229.0,Pune,200,7.38,,,,,
125.7543,39.0339,802.0,Clouds,scattered clouds,03d,stations,297.79,297.77,297.79,297.79,1012.0,56.0,1012.0,1008.0,10000.0,4.0,299.0,,25.0,1727335149.0,,,KP,1727299690.0,1727342907.0,32400.0,1871859.0,Pyongyang,200,3.23,,,,,
121.0333,14.6333,801.0,Clouds,few clouds,02d,stations,306.41,313.41,305.75,306.98,1008.0,64.0,1008.0,1006.0,10000.0,4.12,300.0,,20.0,1727335149.0,2.0,2008256.0,PH,1727300705.0,1727344157.0,28800.0,1692193.0,Quezon City,200,,,,,,
-78.5249,-0.2299,803.0,Clouds,broken clouds,04n,stations,281.68,281.68,281.68,281.68,1017.0,82.0,1017.0,722.0,10000.0,1.09,145.0,,75.0,1727334917.0,1.0,8555.0,EC,1727348513.0,1727392114.0,-18000.0,3652462.0,Quito,200,1.38,,,,,
-6.8401,33.9911,701.0,Mist,mist,50d,stations,294.19,294.96,294.19,294.19,1018.0,100.0,1018.0,1011.0,3000.0,1.54,30.0,,75.0,1727335150.0,1.0,2402.0,MA,1727331502.0,1727374724.0,3600.0,2538474.0,Rabat,200,,,,,,
73.0679,33.6007,500.0,Rain,light rain,10d,stations,304.95,311.95,304.95,304.95,1005.0,71.0,1005.0,942.0,10000.0,0.89,153.0,0.12,0.0,1727335150.0,2.0,2007435.0,PK,1727312313.0,1727355567.0,18000.0,1166993.0,Rawalpindi,200,3.58,,,,,
-34.8811,-8.0539,802.0,Clouds,scattered clouds,03n,stations,298.17,298.53,298.17,298.17,1014.0,69.0,1014.0,1012.0,10000.0,5.14,120.0,,40.0,1727334937.0,1.0,8426.0,BR,1727337991.0,1727381692.0,-10800.0,3390760.0,Recife,200,,,,,,
-21.8954,64.1355,800.0,Clear,clear sky,01n,stations,272.96,272.96,272.96,272.96,1017.0,93.0,1017.0,1004.0,10000.0,0.51,0.0,,0.0,1727335150.0,1.0,91.0,IS,1727335378.0,1727378073.0,0.0,3413829.0,Reykjavik,200,,,,,,
24.0833,57.0,800.0,Clear,clear sky,01d,stations,288.17,287.87,288.17,288.19,1004.0,82.0,1004.0,1003.0,10000.0,4.12,180.0,,0.0,1727335105.0,2.0,2075320.0,LV,1727324239.0,1727367148.0,10800.0,456173.0,Rīga,200,,,,,,
-43.2075,-22.9028,800.0,Clear,clear sky,01n,stations,297.13,297.62,295.15,297.13,1011.0,78.0,1011.0,1012.0,10000.0,2.06,340.0,,0.0,1727335150.0,1.0,8429.0,BR,1727339875.0,1727383803.0,-10800.0,3451190.0,Rio de Janeiro,200,,,,,,
46.7219,24.6877,800.0,Clear,clear sky,01d,stations,307.92,305.65,307.92,307.92,1009.0,17.0,1009.0,939.0,10000.0,5.28,1.0,,0.0,1727335150.0,,,SA,1727318592.0,1727361931.0,10800.0,108410.0,Riyadh,200,6.14,,,,,
-64.6167,18.4167,501.0,Rain,moderate rain,10n,stations,301.49,305.11,301.49,301.49,1012.0,74.0,1012.0,1012.0,10000.0,6.22,83.0,1.11,100.0,1727335150.0,,,VG,1727345284.0,1727388668.0,-14400.0,3577430.0,Road Town,200,6.66,,,,,
-85.1647,34.257,804.0,Clouds,overcast clouds,04n,stations,290.92,291.29,289.96,291.66,1011.0,97.0,1011.0,984.0,10000.0,0.45,335.0,,100.0,1727334954.0,2.0,2038061.0,US,1727350311.0,1727393502.0,-14400.0,4219762.0,Rome,200,1.79,,,,,
-61.3881,15.3017,500.0,Rain,light rain,10n,stations,300.87,304.03,300.87,300.87,1011.0,76.0,1011.0,1000.0,10000.0,3.85,73.0,0.33,100.0,1727335150.0,,,DM,1727344492.0,1727387911.0,-14400.0,3575635.0,Roseau,200,5.78,,,,,
-61.7485,12.0564,500.0,Rain,light rain,10n,stations,300.97,305.24,300.97,300.97,1010.0,83.0,1010.0,1005.0,10000.0,1.03,0.0,0.18,20.0,1727335150.0,1.0,8781.0,GD,1727344560.0,1727388016.0,-14400.0,3579925.0,St. George's,200,,,,,,
-2.1049,49.188,801.0,Clouds,few clouds,02d,stations,290.62,288.45,289.58,290.62,989.0,1.0,989.0,989.0,10000.0,7.72,220.0,,20.0,1727335151.0,2.0,197971.0,JE,1727330464.0,1727373490.0,3600.0,3042091.0,Saint Helier,200,,,,,,
-52.7093,47.5649,300.0,Drizzle,light intensity drizzle,09n,stations,283.42,283.01,282.35,284.25,1026.0,96.0,1026.0,1021.0,10000.0,4.47,44.0,0.25,100.0,1727335151.0,1.0,998.0,CA,1727342609.0,1727385630.0,-9000.0,6324733.0,St. John's,200,7.15,500.0,Rain,light rain,10n,
-2.5353,49.4598,802.0,Clouds,scattered clouds,03d,stations,289.76,289.62,289.76,289.76,988.0,82.0,988.0,988.0,10000.0,9.26,220.0,,40.0,1727335151.0,1.0,1406.0,GG,1727330570.0,1727373591.0,3600.0,3042287.0,St Peter Port,200,,,,,,
30.2642,59.8944,800.0,Clear,clear sky,01d,stations,289.29,289.1,289.23,289.29,1007.0,82.0,1007.0,1004.0,10000.0,3.0,170.0,,0.0,1727335151.0,2.0,197864.0,RU,1727322783.0,1727365638.0,10800.0,498817.0,Saint Petersburg,200,,,,,,
2.3333,48.9167,804.0,Clouds,overcast clouds,04d,stations,289.31,289.36,288.36,289.86,994.0,91.0,994.0,985.0,10000.0,6.17,190.0,,100.0,1727335151.0,1.0,6540.0,FR,1727329396.0,1727372428.0,7200.0,2980915.0,Arrondissement de Saint-Denis,200,,,,,,
55.4781,-21.3393,800.0,Clear,clear sky,01d,stations,299.97,301.07,299.97,299.97,1021.0,61.0,1021.0,1016.0,10000.0,12.86,130.0,,0.0,1727335151.0,1.0,2127.0,RE,1727316220.0,1727360101.0,14400.0,935214.0,Saint-Pierre,200,,,,,,
145.701,15.1355,803.0,Clouds,broken clouds,04d,stations,303.54,310.54,303.54,303.54,1008.0,79.0,1008.0,1007.0,10000.0,5.66,270.0,,75.0,1727335151.0,1.0,7855.0,MP,1727294787.0,1727338238.0,36000.0,4041552.0,Saipan,200,9.26,,,,,
-88.9167,13.8333,804.0,Clouds,overcast clouds,04n,stations,293.49,294.16,293.49,293.49,1011.0,99.0,1011.0,951.0,10000.0,0.36,231.0,,98.0,1727335151.0,,,SV,1727351090.0,1727394523.0,-21600.0,3585968.0,El Salvador,200,0.45,,,,,
-98.4936,29.4241,800.0,Clear,clear sky,01n,stations,295.32,295.34,293.68,296.21,1012.0,67.0,1012.0,987.0,10000.0,3.09,30.0,,0.0,1727334634.0,1.0,5857.0,US,1727353481.0,1727396728.0,-18000.0,4726206.0,San Antonio,200,,,,,,
-117.1573,32.7153,804.0,Clouds,overcast clouds,04n,stations,290.52,290.61,289.42,291.5,1010.0,88.0,1010.0,1006.0,10000.0,1.79,8.0,,100.0,1727334668.0,2.0,2095167.0,US,1727357983.0,1727401183.0,-25200.0,5391811.0,San Diego,200,3.58,,,,,
-122.4194,37.7749,801.0,Clouds,few clouds,02n,stations,286.87,286.6,285.6,288.06,1012.0,88.0,1012.0,1008.0,10000.0,4.12,280.0,,20.0,1727334964.0,2.0,2017837.0,US,1727359280.0,1727402411.0,-25200.0,5391959.0,San Francisco,200,,,,,,
-121.895,37.3394,804.0,Clouds,overcast clouds,04n,stations,289.08,288.77,287.32,290.27,1012.0,78.0,1012.0,983.0,10000.0,3.09,30.0,,100.0,1727335023.0,2.0,2004102.0,US,1727359151.0,1727402288.0,-25200.0,5392171.0,San Jose,200,,,,,,
-68.5364,-31.5375,800.0,Clear,clear sky,01n,stations,282.08,281.08,282.08,282.08,1027.0,41.0,1027.0,946.0,10000.0,2.02,135.0,,0.0,1727335152.0,,,AR,1727345864.0,1727389969.0,-10800.0,3837213.0,San Juan,200,3.12,,,,,
12.4167,43.9333,800.0,Clear,clear sky,01d,stations,294.32,294.35,293.86,295.18,1013.0,71.0,1013.0,978.0,10000.0,4.12,190.0,,0.0,1727335152.0,2.0,2076801.0,SM,1727326939.0,1727370047.0,7200.0,3168068.0,San Marino,200,,,,,,
-89.1872,13.6894,804.0,Clouds,overcast clouds,04n,stations,292.68,293.04,292.68,292.68,1011.0,90.0,1011.0,942.0,10000.0,0.93,275.0,,100.0,1727335152.0,,,SV,1727351155.0,1727394589.0,-21600.0,3583361.0,San Salvador,200,1.85,,,,,
44.2067,15.3547,803.0,Clouds,broken clouds,04d,stations,296.73,295.9,296.73,296.73,1013.0,29.0,1013.0,763.0,10000.0,5.59,64.0,,52.0,1727335152.0,,,YE,1727319148.0,1727362582.0,10800.0,71137.0,Sanaa,200,5.74,,,,,
-63.1667,-17.8,711.0,Smoke,smoke,50n,stations,298.85,299.64,298.85,298.85,1007.0,83.0,1007.0,959.0,2500.0,1.03,0.0,,0.0,1727335152.0,1.0,8661.0,BO,1727344705.0,1727388552.0,-14400.0,3904906.0,Santa Cruz de la Sierra,200,,,,,,
-70.6483,-33.4569,800.0,Clear,clear sky,01n,stations,281.76,281.39,281.51,283.62,1020.0,63.0,1020.0,933.0,10000.0,1.35,88.0,,0.0,1727335152.0,2.0,2095708.0,CL,1727346349.0,1727390498.0,-10800.0,3871336.0,Santiago,200,1.54,,,,,
-69.9886,18.5001,800.0,Clear,clear sky,01n,stations,300.39,303.99,299.78,300.39,1013.0,85.0,1013.0,1003.0,10000.0,1.34,336.0,,0.0,1727335152.0,2.0,2020859.0,DO,1727346574.0,1727389956.0,-14400.0,3492908.0,Santo Domingo,200,2.24,,,,,
-46.6361,-23.5475,800.0,Clear,clear sky,01n,stations,296.53,296.44,296.53,297.35,1012.0,58.0,1012.0,924.0,10000.0,2.06,100.0,,0.0,1727335136.0,2.0,2082654.0,BR,1727340692.0,1727384632.0,-10800.0,3448439.0,São Paulo,200,,,,,,
6.7273,0.3365,801.0,Clouds,few clouds,02d,stations,299.01,299.79,299.01,299.01,1014.0,82.0,1014.0,1013.0,10000.0,3.49,208.0,,20.0,1727335152.0,,,ST,1727328061.0,1727371655.0,0.0,2410763.0,São Tomé,200,3.8,,,,,
141.3469,43.0642,803.0,Clouds,broken clouds,04d,stations,295.02,295.14,295.0,296.21,1015.0,72.0,1015.0,989.0,10000.0,8.23,170.0,,75.0,1727335152.0,1.0,7980.0,JP,1727295966.0,1727339148.0,32400.0,2128295.0,Sapporo,200,,,,,,
18.3564,43.8486,802.0,Clouds,scattered clouds,03d,stations,285.1,284.96,285.1,285.1,1016.0,100.0,1016.0,908.0,10000.0,0.51,0.0,,40.0,1727335152.0,1.0,6906.0,BA,1727325511.0,1727368624.0,7200.0,3191281.0,Sarajevo,200,,,,,,
-122.3321,47.6062,804.0,Clouds,overcast clouds,04n,stations,285.66,285.34,284.48,286.78,1013.0,91.0,1013.0,1003.0,10000.0,4.47,113.0,,100.0,1727334776.0,2.0,2041694.0,US,1727359334.0,1727402315.0,-25200.0,5809844.0,Seattle,200,6.26,,,,,
110.4203,-6.9932,801.0,Clouds,few clouds,02d,stations,305.11,310.74,305.11,305.11,1008.0,62.0,1008.0,998.0,9000.0,5.14,340.0,,20.0,1727335153.0,1.0,9362.0,ID,1727303139.0,1727346816.0,25200.0,1627896.0,Semarang,200,,,,,,
126.9778,37.5683,802.0,Clouds,scattered clouds,03d,stations,299.91,301.26,299.91,299.91,1012.0,65.0,1012.0,1002.0,10000.0,5.14,260.0,,40.0,1727335153.0,1.0,8105.0,KR,1727299388.0,1727342622.0,32400.0,1835848.0,Seoul,200,,,,,,
121.4581,31.2222,802.0,Clouds,scattered clouds,03d,stations,301.07,303.54,301.07,301.07,1012.0,69.0,1012.0,1011.0,10000.0,5.0,40.0,,40.0,1727334894.0,1.0,9659.0,CN,1727300682.0,1727343976.0,28800.0,1796236.0,Shanghai,200,,,,,,
55.4033,25.3573,803.0,Clouds,broken clouds,04d,stations,310.31,317.31,309.14,310.31,1003.0,47.0,1003.0,1001.0,7000.0,3.09,210.0,,58.0,1727335153.0,1.0,7545.0,AE,1727316511.0,1727359846.0,14400.0,292672.0,Sharjah city,200,,,,,,
114.0683,22.5455,802.0,Clouds,scattered clouds,03d,stations,306.24,313.24,304.97,306.4,1009.0,64.0,1009.0,1001.0,10000.0,2.93,239.0,,50.0,1727334907.0,2.0,2031340.0,CN,1727302415.0,1727345790.0,28800.0,1795565.0,Shenzhen,200,3.35,,,,,
103.8501,1.2897,803.0,Clouds,broken clouds,04d,stations,302.8,306.5,301.1,303.12,1009.0,66.0,1009.0,1009.0,10000.0,3.09,240.0,,75.0,1727334370.0,1.0,9470.0,SG,1727304762.0,1727348346.0,28800.0,1880252.0,Singapore,200,,,,,,
21.4333,42.0,800.0,Clear,clear sky,01d,stations,291.97,291.68,291.97,291.97,1018.0,68.0,1018.0,966.0,10000.0,0.51,0.0,,0.0,1727335153.0,1.0,7023.0,MK,1727324761.0,1727367898.0,7200.0,785842.0,Skopje,200,,,,,,
23.3242,42.6975,741.0,Fog,fog,50d,stations,289.98,289.86,289.98,289.98,1018.0,82.0,1018.0,940.0,9000.0,1.03,0.0,,20.0,1727335153.0,1.0,6366.0,BG,1727324311.0,1727367440.0,10800.0,727011.0,Sofia,200,,,,,,
,,,,,,,,,,,,,,,,,,,,,,,,,,,,,404,,,,,,city not found
27.8585,-26.2678,804.0,Clouds,overcast clouds,04d,stations,298.45,297.32,297.82,299.07,1016.0,11.0,1016.0,845.0,10000.0,2.57,270.0,,93.0,1727335153.0,1.0,1958.0,ZA,1727322802.0,1727366773.0,7200.0,953781.0,Soweto,200,,,,,,
18.0649,59.3326,800.0,Clear,clear sky,01d,stations,285.1,284.54,284.88,285.96,999.0,84.0,999.0,994.0,10000.0,2.57,220.0,,0.0,1727335154.0,1.0,1788.0,SE,1727325709.0,1727368566.0,7200.0,2673730.0,Stockholm,200,,,,,,
-65.2627,-19.0333,804.0,Clouds,overcast clouds,04n,stations,286.39,285.1,286.39,286.39,1012.0,51.0,1012.0,728.0,10000.0,2.15,6.0,,96.0,1727335154.0,,,BO,1727345198.0,1727389065.0,-14400.0,3903987.0,Sucre,200,2.67,,,,,
112.7508,-7.2492,801.0,Clouds,few clouds,02d,stations,307.12,310.2,307.12,307.12,1008.0,46.0,1008.0,1007.0,10000.0,4.63,60.0,,20.0,1727335154.0,1.0,9363.0,ID,1727302578.0,1727346259.0,25200.0,1625822.0,Surabaya,200,,,,,,
72.8333,21.1667,804.0,Clouds,overcast clouds,04d,stations,300.14,303.75,300.14,300.14,1003.0,89.0,1003.0,1002.0,1500.0,2.06,120.0,,100.0,1727335154.0,1.0,9071.0,IN,1727312306.0,1727355686.0,19800.0,1255364.0,Surat,200,,,,,,
178.4415,-18.1416,802.0,Clouds,scattered clouds,03n,stations,296.86,297.09,296.86,296.86,1017.0,69.0,1017.0,1014.0,10000.0,4.12,100.0,,40.0,1727335154.0,1.0,7280.0,FJ,1727286751.0,1727330562.0,43200.0,2198148.0,Suva,200,,,,,,
151.2073,-33.8679,501.0,Rain,moderate rain,10d,stations,284.62,284.15,283.57,285.5,1020.0,89.0,1020.0,1015.0,10000.0,0.89,176.0,1.54,100.0,1727335148.0,2.0,2091046.0,AU,1727293150.0,1727337232.0,36000.0,2147714.0,Sydney,200,1.79,,,,,
46.2919,38.08,801.0,Clouds,few clouds,02d,stations,293.85,293.18,293.85,293.85,1016.0,46.0,1016.0,847.0,10000.0,8.23,100.0,,20.0,1727335154.0,1.0,7509.0,IR,1727318767.0,1727361962.0,12600.0,113646.0,Tabriz,200,,,,,,
121.5319,25.0478,804.0,Clouds,overcast clouds,04d,stations,301.81,302.27,300.0,302.08,1009.0,49.0,1009.0,990.0,10000.0,2.68,150.0,,96.0,1727335154.0,2.0,266033.0,TW,1727300635.0,1727343988.0,28800.0,1668341.0,Taipei,200,4.02,,,,,
24.7535,59.437,803.0,Clouds,broken clouds,04d,stations,287.34,286.96,287.34,287.56,1001.0,82.0,1001.0,999.0,10000.0,6.17,180.0,,75.0,1727335154.0,1.0,1330.0,EE,1727324103.0,1727366963.0,10800.0,588409.0,Tallinn,200,,,,,,
106.63,-6.1781,801.0,Clouds,few clouds,02d,stations,305.46,310.03,303.86,305.87,1008.0,57.0,1008.0,1006.0,10000.0,5.14,360.0,,20.0,1727335022.0,1.0,9384.0,ID,1727304053.0,1727347721.0,25200.0,1625084.0,Tangerang,200,,,,,,
172.984,1.419,801.0,Clouds,few clouds,02n,stations,302.2,306.77,302.2,302.2,1010.0,74.0,1010.0,1010.0,10000.0,1.54,120.0,,20.0,1727335154.0,1.0,7300.0,KI,1727288174.0,1727331758.0,43200.0,7521611.0,Tarawa,200,,,,,,
69.2163,41.2646,803.0,Clouds,broken clouds,04d,stations,299.12,299.12,299.12,299.12,1009.0,47.0,1009.0,961.0,10000.0,5.14,70.0,,75.0,1727334733.0,1.0,9016.0,UZ,1727313280.0,1727356448.0,18000.0,1512569.0,Tashkent,200,,,,,,
44.8337,41.6941,802.0,Clouds,scattered clouds,03d,stations,292.99,292.81,292.99,292.99,1022.0,68.0,1022.0,952.0,10000.0,3.6,110.0,,40.0,1727335155.0,1.0,8862.0,GE,1727319139.0,1727362291.0,14400.0,611717.0,Tbilisi,200,,,,,,
-87.2068,14.0818,804.0,Clouds,overcast clouds,04n,stations,293.4,293.91,293.4,293.57,1012.0,93.0,1012.0,864.0,8000.0,0.0,0.0,,100.0,1727335155.0,2.0,2000378.0,HN,1727350682.0,1727394111.0,-21600.0,3600949.0,Tegucigalpa,200,,,,,,
51.4215,35.6944,801.0,Clouds,few clouds,02d,stations,298.55,297.96,298.55,299.14,1013.0,31.0,1013.0,864.0,10000.0,4.12,140.0,,20.0,1727335155.0,2.0,47737.0,IR,1727317522.0,1727360746.0,12600.0,112931.0,Tehran,200,,,,,,
34.8,32.0833,802.0,Clouds,scattered clouds,03d,stations,301.18,303.11,299.92,301.64,1012.0,64.0,1012.0,1010.0,10000.0,4.12,20.0,,40.0,1727334876.0,1.0,6845.0,IL,1727321493.0,1727364751.0,10800.0,293396.0,Tel Aviv,200,,,,,,
89.6419,27.4661,500.0,Rain,light rain,10d,stations,285.92,285.73,285.92,285.92,1016.0,95.0,1016.0,705.0,9814.0,0.95,43.0,0.1,100.0,1727335155.0,,,BT,1727308302.0,1727351624.0,21600.0,1252416.0,Thimphu,200,1.31,,,,,
117.1767,39.1422,800.0,Clear,clear sky,01d,stations,297.12,297.06,297.12,297.12,1015.0,57.0,1015.0,1014.0,10000.0,3.0,140.0,,0.0,1727335155.0,1.0,9619.0,CN,1727301750.0,1727344963.0,28800.0,1792947.0,Tianjin,200,,,,,,
-117.0167,32.5333,804.0,Clouds,overcast clouds,04n,stations,290.66,290.71,289.56,291.53,1010.0,86.0,1010.0,995.0,10000.0,0.89,56.0,,100.0,1727334604.0,1.0,7164.0,MX,1727357948.0,1727401150.0,-25200.0,3981609.0,Tijuana,200,2.68,,,,,
19.8189,41.3275,800.0,Clear,clear sky,01d,stations,294.64,295.01,294.64,294.64,1018.0,83.0,1018.0,982.0,10000.0,1.54,180.0,,0.0,1727335155.0,1.0,6359.0,AL,1727325144.0,1727368289.0,7200.0,3183875.0,Tirana,200,,,,,,
139.6917,35.6895,801.0,Clouds,few clouds,02d,stations,302.16,304.51,300.94,302.94,1012.0,62.0,1012.0,1011.0,10000.0,2.06,110.0,,20.0,1727334660.0,2.0,2001249.0,JP,1727296326.0,1727339583.0,32400.0,1850144.0,Tokyo,200,,,,,,
-79.4163,43.7001,804.0,Clouds,overcast clouds,04n,stations,290.82,291.04,289.86,291.55,1014.0,92.0,1014.0,998.0,10000.0,2.06,320.0,,100.0,1727334950.0,1.0,718.0,CA,1727348994.0,1727392060.0,-14400.0,6167865.0,Toronto,200,,,,,,
-6.7716,62.0097,804.0,Clouds,overcast clouds,04d,stations,279.81,274.76,279.81,279.81,1006.0,67.0,1006.0,1000.0,10000.0,10.74,14.0,,100.0,1727335155.0,1.0,1596.0,FO,1727331712.0,1727374482.0,3600.0,2611396.0,Tórshavn,200,11.74,,,,,
13.1875,32.8752,800.0,Clear,clear sky,01d,stations,299.92,300.88,299.92,299.92,1018.0,59.0,1018.0,1014.0,10000.0,2.28,103.0,,0.0,1727335155.0,,,LY,1727326687.0,1727369929.0,7200.0,2210247.0,Tripoli,200,2.5,,,,,
9.0,34.0,800.0,Clear,clear sky,01d,stations,300.6,300.54,300.6,300.6,1017.0,43.0,1017.0,1007.0,10000.0,0.74,197.0,,8.0,1727335156.0,,,TN,1727327699.0,1727370926.0,3600.0,2464461.0,Tunisia,200,1.11,,,,,
106.8832,47.9077,802.0,Clouds,scattered clouds,03d,stations,292.22,290.76,292.22,292.22,1004.0,22.0,1004.0,842.0,10000.0,3.0,250.0,,40.0,1727334952.0,1.0,9644.0,MN,1727304273.0,1727347380.0,28800.0,2028462.0,Ulaanbaatar,200,,,,,,
9.5215,47.1415,804.0,Clouds,overcast clouds,04d,stations,289.72,289.26,289.21,290.16,1004.0,70.0,1004.0,873.0,10000.0,0.45,64.0,,100.0,1727335156.0,2.0,18948.0,LI,1727327656.0,1727370719.0,7200.0,3042030.0,Vaduz,200,3.13,,,,,
-0.8333,39.3333,803.0,Clouds,broken clouds,04d,stations,296.71,296.95,296.71,296.71,1012.0,70.0,1012.0,954.0,10000.0,9.31,264.0,,75.0,1727335156.0,2.0,2091336.0,ES,1727330092.0,1727373252.0,7200.0,2509951.0,Valencia,200,15.71,,,,,
14.5147,35.8997,801.0,Clouds,few clouds,02d,stations,298.45,299.33,298.14,298.45,1018.0,88.0,1018.0,1017.0,10000.0,2.06,200.0,,20.0,1727335156.0,1.0,6861.0,MT,1727326385.0,1727369593.0,7200.0,2562305.0,Valletta,200,,,,,,
-123.1193,49.2497,803.0,Clouds,broken clouds,04n,stations,285.72,285.33,284.68,286.73,1011.0,88.0,1011.0,1003.0,10000.0,3.09,230.0,,75.0,1727334811.0,2.0,2011597.0,CA,1727359538.0,1727402489.0,-25200.0,6173331.0,Vancouver,200,,,,,,
114.1577,22.2855,803.0,Clouds,broken clouds,04d,stations,305.35,311.66,305.03,306.17,1010.0,63.0,1010.0,1004.0,10000.0,4.02,270.0,,52.0,1727335156.0,2.0,47808.0,HK,1727302392.0,1727345770.0,28800.0,1819729.0,Hong Kong,200,5.81,,,,,
16.3721,48.2085,800.0,Clear,clear sky,01d,stations,287.67,287.48,285.3,289.2,1004.0,88.0,1004.0,978.0,10000.0,2.06,150.0,,0.0,1727335156.0,2.0,2037452.0,AT,1727326018.0,1727369069.0,7200.0,2761369.0,Vienna,200,,,,,,
102.6,17.9667,802.0,Clouds,scattered clouds,03d,stations,303.12,309.11,303.12,304.21,1009.0,74.0,1009.0,987.0,10000.0,2.06,360.0,,40.0,1727335156.0,1.0,9203.0,LA,1727305146.0,1727348563.0,25200.0,1651944.0,Vientiane,200,,,,,,
25.2798,54.6892,801.0,Clouds,few clouds,02d,stations,288.64,288.54,288.64,289.11,1008.0,88.0,1008.0,990.0,10000.0,4.63,170.0,,20.0,1727335082.0,1.0,1883.0,LT,1727323930.0,1727366883.0,10800.0,593116.0,Vilnius,200,,,,,,
21.0118,52.2298,804.0,Clouds,overcast clouds,04d,stations,289.08,288.82,288.09,290.25,1006.0,80.0,1006.0,995.0,10000.0,4.02,160.0,,99.0,1727335156.0,2.0,2032856.0,PL,1727324934.0,1727367926.0,7200.0,756135.0,Warsaw,200,0.0,,,,,
-120.5015,47.5001,801.0,Clouds,few clouds,02n,stations,284.57,283.02,284.07,286.99,1009.0,48.0,1009.0,925.0,10000.0,2.65,273.0,,11.0,1727334981.0,2.0,2003593.0,US,1727358893.0,1727401877.0,-25200.0,5815135.0,Washington,200,3.5,,,,,
174.7756,-41.2866,804.0,Clouds,overcast clouds,04n,stations,285.58,285.23,285.3,287.07,1006.0,90.0,1006.0,994.0,10000.0,11.83,350.0,,100.0,1727334946.0,2.0,2080525.0,NZ,1727287414.0,1727331659.0,43200.0,2179537.0,Wellington,200,,,,,,
-68.9335,12.1084,801.0,Clouds,few clouds,02n,stations,301.92,307.46,301.92,302.1,1009.0,81.0,1009.0,1009.0,10000.0,4.63,100.0,,20.0,1727335157.0,2.0,2096429.0,CW,1727346285.0,1727389739.0,-14400.0,3513090.0,Willemstad,200,,,,,,
17.0832,-22.5594,803.0,Clouds,broken clouds,04d,stations,293.74,292.85,293.42,295.61,1018.0,38.0,1018.0,844.0,10000.0,2.57,80.0,,75.0,1727335157.0,2.0,2012613.0,NA,1727325419.0,1727369328.0,7200.0,3352136.0,Windhoek,200,,,,,,
114.2667,30.5833,804.0,Clouds,overcast clouds,04d,stations,304.2,303.47,304.2,304.2,1009.0,35.0,1009.0,1006.0,10000.0,1.91,96.0,,99.0,1727335130.0,1.0,9634.0,CN,1727302406.0,1727345704.0,28800.0,1791247.0,Wuhan,200,1.93,,,,,
108.9286,34.2583,800.0,Clear,clear sky,01d,stations,303.6,301.99,303.6,303.6,1005.0,25.0,1005.0,959.0,10000.0,3.36,29.0,,3.0,1727335116.0,1.0,9645.0,CN,1727303706.0,1727346966.0,28800.0,1790630.0,Xi'an,200,3.91,,,,,
-5.2767,6.8206,804.0,Clouds,overcast clouds,04d,stations,296.96,297.69,296.96,297.09,1014.0,88.0,1014.0,990.0,8000.0,2.06,240.0,,100.0,1727335157.0,2.0,47672.0,CI,1727330978.0,1727374498.0,0.0,2279755.0,Yamoussoukro,200,,,,,,
96.1561,16.8053,803.0,Clouds,broken clouds,04d,stations,301.13,306.66,301.13,301.13,1009.0,89.0,1009.0,1008.0,7000.0,2.57,230.0,,75.0,1727334966.0,1.0,9322.0,MM,1727306687.0,1727350114.0,23400.0,1298824.0,Yangon,200,,,,,,
11.5167,3.8667,500.0,Rain,light rain,10d,stations,292.89,293.48,292.89,292.89,1016.0,98.0,1016.0,934.0,10000.0,0.34,2.0,0.52,99.0,1727335157.0,,,CM,1727326932.0,1727370486.0,3600.0,2220957.0,Yaoundé,200,0.79,,,,,
60.6125,56.8575,800.0,Clear,clear sky,01d,stations,284.92,283.56,284.92,284.92,1027.0,54.0,1027.0,994.0,10000.0,4.0,290.0,,0.0,1727335054.0,1.0,8985.0,RU,1727315458.0,1727358399.0,18000.0,1486209.0,Ekaterinburg,200,,,,,,
44.5136,40.1811,800.0,Clear,clear sky,01d,stations,293.24,292.43,293.24,293.24,1016.0,43.0,1016.0,895.0,10000.0,2.06,140.0,,5.0,1727335024.0,1.0,8851.0,AM,1727319206.0,1727362376.0,14400.0,616052.0,Yerevan,200,,,,,,
139.6425,35.4478,801.0,Clouds,few clouds,02d,stations,300.62,302.62,299.81,302.29,1013.0,68.0,1013.0,1012.0,10000.0,1.54,110.0,,20.0,1727334877.0,2.0,2033467.0,JP,1727296336.0,1727339596.0,32400.0,1848354.0,Yokohama,200,,,,,,
15.9775,45.8131,800.0,Clear,clear sky,01d,stations,294.2,294.21,292.97,294.2,1010.0,71.0,1010.0,992.0,10000.0,5.66,190.0,,0.0,1727335157.0,2.0,2006646.0,HR,1727326096.0,1727369181.0,7200.0,6618983.0,Donji grad,200,,,,,,
